"","Indx","Call_ContractID","Call_Bid","Call_Ask","Call_Vol","Call_OI","Call_PrChg","Call_PrChgPct","Call_LastTrTime","Call_LastPr","Call_ImplVol","Call_ITM","Strike","Put_ITM","Put_ImplVol","Put_LastPr","Put_LastTrTime","Put_PrChgPct","Put_PrChg","Put_OI","Put_Vol","Put_Ask","Put_Bid","Put_ContractID"
"1",1,"SPXW230616C00200000",3998.8,4003.5,16,0,0,0,2023-05-17 13:05:27,3950.46,4.58398864501953,TRUE,200,FALSE,2.9843775390625,0.05,2023-05-11 12:07:20,0,0,0,2,0.05,0,"SPX230616P00200000"
"2",2,"SPXW230616C00400000",3799.4,3804.1,3,0,0,0,2023-04-25 11:48:59,3698.2,3.54907339294434,TRUE,400,FALSE,2.281254296875,0.03,2023-05-17 15:54:38,0,0,0,6,0.05,0,"SPX230616P00400000"
"3",3,"SPX230616C00600000",3306.7,3319.9,1,1,0,0,2022-12-19 16:01:06,3200.07,1e-05,TRUE,600,FALSE,1.8828130859375,0.05,2023-05-15 09:36:50,0,0,0,5,0.05,0,"SPX230616P00600000"
"4",4,"SPX230616C00800000",3400.1,3406.8,2,0,0,0,2023-05-09 12:16:11,3313.96,2.61279643676758,TRUE,800,FALSE,1.609376953125,0.05,2023-05-04 14:54:14,0,0,0,120,0.05,0,"SPXW230616P00800000"
"5",5,"SPX230616C01000000",3200.8,3206.4,2252,0,0,0,2023-05-18 15:59:05,3197.37,2.27527286651611,TRUE,1000,FALSE,1.390628046875,0.03,2023-05-12 09:30:04,0,0,0,1,0.05,0,"SPXW230616P01000000"
"6",6,"SPX230616C01100000",3102.6,3107.7,2,0,0,0,2023-05-09 11:55:12,3019.02,2.2031294921875,TRUE,1100,FALSE,1.3046909765625,0.05,2023-05-17 09:30:02,0,0,0,1,0.05,0,"SPX230616P01100000"
"7",7,"SPXW230616C01200000",3002.9,3007.5,14,0,0,0,2023-05-17 13:10:10,2956.34,2.06763178405762,TRUE,1200,FALSE,1.21875390625,0.05,2023-05-17 09:30:02,0,0,0,1,0.05,0,"SPX230616P01200000"
"8",8,"SPX230616C01300000",2681.3,2716.1,2500,11432,0,0,2022-12-15 14:31:26,2587.35,1e-05,TRUE,1300,FALSE,1.140629296875,0.05,2023-05-17 09:30:02,0,0,0,1,0.05,0,"SPX230616P01300000"
"9",9,"SPXW230616C01400000",2803.7,2808.3,1,0,0,0,2023-05-05 08:48:19,2695.06,1.85382153167725,TRUE,1400,FALSE,1.0703171484375,0.05,2023-05-11 12:46:10,0,0,0,8,0.05,0,"SPXW230616P01400000"
"10",10,"SPX230616C01500000",2703.1,2709.9,4,0,0,0,2023-04-25 15:08:21,2582.05,1.76031613983154,TRUE,1500,FALSE,1.0078174609375,0.05,2023-05-05 13:22:56,0,0,0,1,0.05,0,"SPXW230616P01500000"
"11",11,"SPX230616C01600000",2603.9,2610.6,1,0,0,0,2023-05-18 16:07:59,2601,1.67895668334961,TRUE,1600,FALSE,0.945313046875,0.05,2023-05-17 09:30:02,0,0,0,1,0.05,0,"SPX230616P01600000"
"12",12,"SPX230616C01700000",2504.3,2511.1,2,0,0,0,2023-05-09 11:21:40,2426.55,1.59301961303711,TRUE,1700,FALSE,0.89062609375,0.1,2023-05-01 10:46:15,0,0,0,7,0.05,0,"SPXW230616P01700000"
"13",13,"SPX230616C01800000",2307,2312.7,10,0,0,0,2023-03-05 20:16:46,2248.5,1e-05,TRUE,1800,FALSE,0.835939140625,0.05,2023-05-16 12:29:59,0,0,0,11,0.05,0,"SPX230616P01800000"
"14",14,"SPX230616C01900000",2212.1,2269.7,1,11,0,0,2023-03-28 14:02:18,2062.49,1e-05,TRUE,1900,FALSE,0.7812521875,0.05,2023-05-18 10:33:08,0,0,0,190,0.05,0,"SPXW230616P01900000"
"15",15,"SPX230616C02000000",2206,2210.7,2250,0,0,0,2023-05-18 15:59:06,2201.97,1.34369224639893,TRUE,2000,FALSE,0.7695335546875,0.1,2023-05-17 15:53:09,0,0,0,270,0.1,0,"SPXW230616P02000000"
"16",16,"SPXW230616C02100000",2106.4,2111,2,0,0,0,2023-05-05 10:43:35,2025.59,1.27087766906738,TRUE,2100,FALSE,0.72070591796875,0.15,2023-05-16 15:53:55,0,0,0,1,0.1,0,"SPXW230616P02100000"
"17",17,"SPXW230616C02200000",2006.9,2011.5,2,0,0,0,2023-05-05 10:20:21,1925.07,1.20355622833252,TRUE,2200,FALSE,0.694338994140625,0.1,2023-05-18 14:37:52,0,0,0,62,0.15,0,"SPX230616P02200000"
"18",18,"SPX230616C02250000",1892.2,1916.2,4,281,0,0,2023-01-06 10:22:45,1624.2,1e-05,TRUE,2250,FALSE,0.686526572265625,0.2,2023-05-17 15:53:22,0,0,0,250,0.15,0.05,"SPXW230616P02250000"
"19",19,"SPX230616C02300000",1811.1,1817.4,NA,2,0,0,2023-03-07 16:14:07,1703.58,1e-05,TRUE,2300,FALSE,0.674807939453125,0.1,2023-05-18 22:31:00,-33.333336,-0.050000004,0,2,0.2,0.05,"SPX230616P02300000"
"20",20,"SPXW230616C02350000",1857.7,1862.3,2,0,0,0,2023-05-05 10:25:18,1771.8,1.1072432333374,TRUE,2350,FALSE,0.661624477539063,0.3,2023-05-12 15:46:39,0,0,0,21,0.2,0.1,"SPXW230616P02350000"
"21",21,"SPX230616C02400000",1807.3,1813.6,2,0,0,0,2023-05-11 11:38:46,1723.03,1.07883151016235,TRUE,2400,FALSE,0.639163764648437,0.2,2023-05-18 14:37:43,0,0,0,35,0.2,0.1,"SPX230616P02400000"
"22",22,"SPX230616C02450000",1757.6,1763.8,1,0,0,0,2023-05-11 10:55:35,1674.62,1.04767321868896,TRUE,2450,FALSE,0.617191328125,0.2,2023-05-18 14:37:44,0,0,0,35,0.2,0.1,"SPX230616P02450000"
"23",23,"SPX230616C02500000",1707.7,1714.4,22,0,0,0,2023-05-08 11:23:34,1639.11,1.0183459727478,TRUE,2500,FALSE,0.60937890625,0.15,2023-05-18 11:50:41,0,0,0,15,0.25,0.15,"SPXW230616P02500000"
"24",24,"SPX230616C02550000",1657.7,1664.3,NA,0,0,0,2023-05-08 11:28:38,1588.73,0.983795328063965,TRUE,2550,FALSE,0.58789474609375,0.25,2023-05-18 14:37:43,0,0,0,31,0.25,0.15,"SPX230616P02550000"
"25",25,NA,NA,NA,NA,NA,NA,NA,NA,NA,NA,NA,2575,FALSE,0.577152666015625,0.25,2023-05-18 14:37:44,0,0,0,16,0.25,0.15,"SPX230616P02575000"
"26",26,"SPXW230616C02600000",1608.6,1613.2,10,0,0,0,2023-05-05 10:06:48,1523.45,0.9492192578125,TRUE,2600,FALSE,0.57226990234375,0.25,2023-05-18 14:37:44,0,0,0,53,0.3,0.15,"SPX230616P02600000"
"27",27,"SPX230616C02625000",1433.6,1456.7,9,9,0,0,2023-02-02 15:05:19,1556.04,1e-05,TRUE,2625,FALSE,0.566898862304688,0.9,2023-05-03 10:34:59,0,0,0,5,0.3,0.2,"SPXW230616P02625000"
"28",28,"SPX230616C02650000",1558.3,1565.1,2,0,0,0,2023-05-08 11:30:11,1487.53,0.926880614013672,TRUE,2650,FALSE,0.556156782226563,0.35,2023-05-17 15:53:09,0,0,0,40,0.3,0.2,"SPXW230616P02650000"
"29",29,NA,NA,NA,NA,NA,NA,NA,NA,NA,NA,NA,2675,FALSE,0.545414702148438,0.3,2023-05-18 14:37:43,0,0,0,15,0.3,0.2,"SPX230616P02675000"
"30",30,"SPX230616C02700000",1508.4,1515,2,0,0,0,2023-05-11 11:38:46,1425.04,0.894501787414551,TRUE,2700,FALSE,0.543949873046875,0.4,2023-05-17 16:04:41,0,0,0,37,0.35,0.25,"SPXW230616P02700000"
"31",31,NA,NA,NA,NA,NA,NA,NA,NA,NA,NA,NA,2725,FALSE,0.52930158203125,0.35,2023-05-18 14:37:43,0,0,0,14,0.35,0.2,"SPX230616P02725000"
"32",32,"SPXW230616C02750000",1459.5,1464.1,2,0,0,0,2023-05-05 10:39:14,1379.8,0.863831928100586,TRUE,2750,FALSE,0.522953989257812,0.35,2023-05-18 14:37:43,0,0,0,14,0.35,0.25,"SPX230616P02750000"
"33",33,"SPX230616C02775000",1278,1300.9,NA,10,0,0,2022-10-13 11:07:18,915.5,1e-05,TRUE,2775,FALSE,0.520024331054687,0.4,2023-05-18 10:13:17,0,0,0,1,0.4,0.3,"SPXW230616P02775000"
"34",34,"SPXW230616C02800000",1409.8,1414.4,2,0,0,0,2023-05-09 09:40:57,1325.93,0.835847588806152,TRUE,2800,FALSE,0.509526389160156,0.4,2023-05-18 12:28:52,0,0,0,41,0.4,0.3,"SPXW230616P02800000"
"35",35,NA,NA,NA,NA,NA,NA,NA,NA,NA,NA,NA,2825,FALSE,0.505620178222656,0.4,2023-05-18 10:47:46,0,0,0,2,0.45,0.35,"SPXW230616P02825000"
"36",36,"SPXW230616C02850000",1360.3,1364.9,NA,0,0,0,2023-05-01 14:18:09,1339.05,0.810304631347656,TRUE,2850,FALSE,0.501103621826172,0.44,2023-05-18 13:06:23,0,0,0,14,0.45,0.35,"SPXW230616P02850000"
"37",37,"SPX230616C02875000",1282.9,1287.8,NA,30,0,0,2023-03-20 10:05:10,1098.2,1e-05,TRUE,2875,FALSE,0.490727749023438,0.45,2023-05-18 14:37:36,0,0,0,13,0.45,0.35,"SPX230616P02875000"
"38",38,"SPXW230616C02900000",1310.1,1314.7,2,0,0,0,2023-05-11 10:02:17,1218.64,0.777407011108398,TRUE,2900,FALSE,0.485600847167969,0.46,2023-05-18 10:51:47,0,0,0,56,0.5,0.4,"SPXW230616P02900000"
"39",39,"SPX230616C02925000",1433.8,1446.9,NA,1,0,0,2022-07-13 10:04:44,998.73,1.52915427074432,TRUE,2925,FALSE,0.475102905273437,0.45,2023-05-18 15:55:35,0,0,0,62,0.5,0.4,"SPX230616P02925000"
"40",40,"SPXW230616C02950000",1260.6,1265.2,NA,0,0,0,2023-05-01 14:21:58,1239.87,0.752230260925293,TRUE,2950,FALSE,0.469487727050781,0.7,2023-05-17 15:53:09,0,0,0,15,0.55,0.45,"SPXW230616P02950000"
"41",41,"SPX230616C02975000",1234.9,1241.4,1,0,0,0,2023-05-04 11:00:28,1094.94,0.73964188583374,TRUE,2975,FALSE,0.463384272460937,0.75,2023-05-17 15:53:09,0,0,0,15,0.6,0.45,"SPXW230616P02975000"
"42",42,"SPX230616C03000000",1210.9,1215.4,109,0,0,0,2023-05-18 15:17:22,1189.65,0.72461212890625,TRUE,3000,FALSE,0.45313046875,0.7,2023-05-18 15:55:17,0,0,0,390,0.6,0.55,"SPX230616P03000000"
"43",43,"SPX230616C03025000",1185.2,1191.7,2,0,0,0,2023-05-04 10:52:07,1045.71,0.712557806091309,TRUE,3025,FALSE,0.446660806884766,0.7,2023-05-18 14:37:45,0,0,0,13,0.65,0.5,"SPX230616P03025000"
"44",44,"SPX230616C03050000",1031.4,1050.7,NA,1,0,0,2022-10-14 12:03:48,732.9,1e-05,TRUE,3050,FALSE,0.439947006835937,0.7,2023-05-18 15:50:27,0,0,0,174,0.7,0.55,"SPX230616P03050000"
"45",45,"SPX230616C03075000",1135.5,1142,3,0,0,0,2023-05-11 11:38:46,1053.23,0.685641571350098,TRUE,3075,FALSE,0.433111137695313,0.95,2023-05-17 15:53:08,0,0,0,312,0.75,0.65,"SPXW230616P03075000"
"46",46,"SPXW230616C03100000",1111.5,1116.1,2,0,0,0,2023-05-11 12:33:58,1036.87,0.671344228973389,TRUE,3100,FALSE,0.425909061279297,0.77,2023-05-18 10:51:47,0,0,0,29,0.8,0.7,"SPXW230616P03100000"
"47",47,"SPX230616C03125000",649.3,654.5,1,1,0,0,2022-09-15 09:38:42,945.62,1e-05,TRUE,3125,FALSE,0.418584915771484,1.1,2023-05-17 15:53:09,0,0,0,101,0.85,0.75,"SPXW230616P03125000"
"48",48,"SPX230616C03150000",1061.1,1067.8,2,0,0,0,2023-05-09 10:06:08,984.24,0.64764756652832,TRUE,3150,FALSE,0.411016632080078,0.91,2023-05-18 11:19:07,0,0,0,70,0.9,0.8,"SPXW230616P03150000"
"49",49,"SPX230616C03175000",995,1003.7,NA,1,0,0,2022-10-31 15:30:41,837.26,1e-05,TRUE,3175,FALSE,0.403448348388672,0.95,2023-05-18 16:14:34,0,0,0,97,0.95,0.8,"SPX230616P03175000"
"50",50,"SPX230616C03200000",1011.8,1016.2,4,0,0,0,2023-05-01 12:24:11,992.59,0.614810980834961,TRUE,3200,FALSE,0.397955239257813,1.1,2023-05-18 16:13:21,0,0,0,158,1.05,0.95,"SPXW230616P03200000"
"51",51,"SPX230616C03225000",719.6,728,1,21,0,0,2023-02-13 14:28:09,957.21,1e-05,TRUE,3225,FALSE,0.389898679199219,1.2,2023-05-18 14:37:44,0,0,0,109,1.1,0.95,"SPX230616P03225000"
"52",52,NA,NA,NA,NA,NA,NA,NA,NA,NA,NA,NA,3240,FALSE,0.385809364624023,1.25,2023-05-18 14:37:44,0,0,0,10,1.15,1,"SPX230616P03240000"
"53",53,"SPX230616C03250000",891.1,895.4,4,155,0,0,2023-04-11 14:01:13,896.5,1e-05,TRUE,3250,FALSE,0.381720050048828,1.15,2023-05-18 15:49:33,0,0,0,114,1.15,1.05,"SPX230616P03250000"
"54",54,NA,NA,NA,NA,NA,NA,NA,NA,NA,NA,NA,3260,FALSE,0.379644875488281,1.35,2023-05-18 14:37:43,0,0,0,9,1.2,1.05,"SPX230616P03260000"
"55",55,NA,NA,NA,NA,NA,NA,NA,NA,NA,NA,NA,3270,FALSE,0.377447631835937,1.35,2023-05-18 14:37:37,0,0,0,3,1.25,1.1,"SPX230616P03270000"
"56",56,"SPX230616C03275000",798.6,803.6,NA,2,0,0,2022-12-19 10:05:01,683.78,1e-05,TRUE,3275,FALSE,0.375372457275391,1.4,2023-05-18 14:37:44,0,0,0,3,1.25,1.1,"SPX230616P03275000"
"57",57,NA,NA,NA,NA,NA,NA,NA,NA,NA,NA,NA,3280,FALSE,0.373297282714844,1.4,2023-05-18 14:37:44,0,0,0,3,1.25,1.15,"SPX230616P03280000"
"58",58,NA,NA,NA,NA,NA,NA,NA,NA,NA,NA,NA,3290,FALSE,0.371039004516602,1.45,2023-05-18 14:37:43,0,0,0,4,1.3,1.15,"SPX230616P03290000"
"59",59,"SPX230616C03300000",911.8,918.5,2,0,0,0,2023-05-04 11:32:26,777.8,0.5664105859375,TRUE,3300,FALSE,0.368719691772461,1.45,2023-05-18 15:55:08,0,0,0,240,1.35,1.3,"SPXW230616P03300000"
"60",60,NA,NA,NA,NA,NA,NA,NA,NA,NA,NA,NA,3310,FALSE,0.366339344482422,1.8,2023-05-17 15:52:54,0,0,0,7,1.4,1.3,"SPXW230616P03310000"
"61",61,NA,NA,NA,NA,NA,NA,NA,NA,NA,NA,NA,3320,FALSE,0.363836928100586,1.5,2023-05-18 15:57:43,0,0,0,12,1.45,1.35,"SPXW230616P03320000"
"62",62,"SPX230616C03325000",0,0,2,15,0,0,2022-11-14 13:15:42,809.89,1e-05,TRUE,3325,FALSE,0.363409686279297,1.85,2023-05-17 15:52:55,0,0,0,26,1.5,1.35,"SPXW230616P03325000"
"63",63,"SPXW230616C03330000",838.3,843.4,NA,3,0,0,2023-03-15 11:55:02,601.02,1e-05,TRUE,3330,FALSE,0.359747613525391,1.6,2023-05-18 14:37:37,0,0,0,3,1.45,1.3,"SPX230616P03330000"
"64",64,NA,NA,NA,NA,NA,NA,NA,NA,NA,NA,NA,3340,FALSE,0.357184162597656,1.65,2023-05-18 14:37:37,0,0,0,3,1.5,1.35,"SPX230616P03340000"
"65",65,"SPXW230616C03350000",863,867.6,NA,0,0,0,2023-05-08 12:33:43,797.22,0.538975557556152,TRUE,3350,FALSE,0.354559677124023,1.65,2023-05-18 15:43:41,0,0,0,411,1.55,1.4,"SPX230616P03350000"
"66",66,NA,NA,NA,NA,NA,NA,NA,NA,NA,NA,NA,3360,FALSE,0.351935191650391,1.75,2023-05-18 14:37:37,0,0,0,3,1.6,1.45,"SPX230616P03360000"
"67",67,"SPX230616C03370000",842.7,849.1,1,0,0,0,2023-05-03 15:47:35,739.27,0.531819257049561,TRUE,3370,FALSE,0.350653466186523,2.1,2023-05-17 15:52:54,0,0,0,4,1.7,1.55,"SPXW230616P03370000"
"68",68,"SPX230616C03375000",837.8,844.5,1,0,0,0,2023-05-03 15:47:35,734.44,0.53069011795044,TRUE,3375,FALSE,0.348578291625977,1.85,2023-05-18 14:24:52,0,0,0,10,1.7,1.6,"SPXW230616P03375000"
"69",69,NA,NA,NA,NA,NA,NA,NA,NA,NA,NA,NA,3380,FALSE,0.347845877075195,2.2,2023-05-17 15:53:09,0,0,0,29,1.75,1.6,"SPXW230616P03380000"
"70",70,NA,NA,NA,NA,NA,NA,NA,NA,NA,NA,NA,3390,FALSE,0.345038287963867,2.25,2023-05-17 15:52:54,0,0,0,5,1.8,1.65,"SPXW230616P03390000"
"71",71,"SPX230616C03400000",813,819.7,4,0,0,0,2023-04-26 12:58:56,700.57,0.51778131149292,TRUE,3400,FALSE,0.340887938842773,1.85,2023-05-18 15:54:39,0,0,0,1034,1.8,1.65,"SPX230616P03400000"
"72",72,"SPXW230616C03410000",803.8,808.4,NA,0,0,0,2023-05-12 14:59:11,710.36,0.510411390075684,TRUE,3410,FALSE,0.337988797912598,2.05,2023-05-18 14:37:44,0,0,0,3,1.85,1.7,"SPX230616P03410000"
"73",73,NA,NA,NA,NA,NA,NA,NA,NA,NA,NA,NA,3420,FALSE,0.335089656982422,2,2023-05-18 15:23:57,0,0,0,52,1.9,1.75,"SPX230616P03420000"
"74",74,"SPXW230616C03425000",789.3,793.8,4,0,0,0,2023-05-18 16:12:10,784.59,0.504857246398926,TRUE,3425,FALSE,0.332953447875977,2.15,2023-05-18 14:37:44,0,0,0,89,1.9,1.75,"SPX230616P03425000"
"75",75,NA,NA,NA,NA,NA,NA,NA,NA,NA,NA,NA,3430,FALSE,0.333319655151367,2.32,2023-05-18 10:05:47,0,0,0,57,2,1.85,"SPXW230616P03430000"
"76",76,"SPX230616C03440000",0,0,1,0,0,0,2023-03-31 10:04:15,668,1e-05,TRUE,3440,FALSE,0.329108271484375,2.2,2023-05-18 14:37:42,0,0,0,6,2,1.85,"SPX230616P03440000"
"77",77,"SPX230616C03450000",670,675.9,1,316,0,0,2023-03-13 15:25:29,497.9,1e-05,TRUE,3450,FALSE,0.326056544189453,2.3,2023-05-18 14:37:44,0,0,0,577,2.05,1.9,"SPX230616P03450000"
"78",78,NA,NA,NA,NA,NA,NA,NA,NA,NA,NA,NA,3460,FALSE,0.323004816894531,2.35,2023-05-18 14:37:43,0,0,0,3,2.1,1.95,"SPX230616P03460000"
"79",79,"SPX230616C03470000",466,490,NA,10,0,0,2023-02-08 12:11:01,724.6,1e-05,TRUE,3470,FALSE,0.322028264160156,2.85,2023-05-17 15:52:55,0,0,0,3,2.25,2.1,"SPXW230616P03470000"
"80",80,"SPX230616C03475000",738.7,745.4,3,0,0,0,2023-05-11 11:38:46,658.91,0.499577758178711,TRUE,3475,FALSE,0.319953089599609,2.55,2023-05-18 14:46:01,0,0,0,23,2.25,2.15,"SPXW230616P03475000"
"81",81,"SPX230616C03480000",733.8,740.5,10,0,0,0,2023-05-16 14:47:02,656.58,0.497227928161621,TRUE,3480,FALSE,0.317816880493164,2.5,2023-05-18 14:37:44,0,0,0,2,2.25,2.1,"SPX230616P03480000"
"82",82,"SPX230616C03490000",723.9,730.5,NA,0,0,0,2023-04-26 13:20:44,610.5,0.491383870391846,TRUE,3490,FALSE,0.314643084106445,2.6,2023-05-18 14:37:43,0,0,0,3,2.3,2.15,"SPX230616P03490000"
"83",83,"SPXW230616C03500000",715.1,719.6,8,0,0,0,2023-05-18 16:13:26,710.42,0.480443428039551,TRUE,3500,FALSE,0.313361358642578,2.55,2023-05-18 15:58:41,0,0,0,85,2.45,2.3,"SPXW230616P03500000"
"84",84,NA,NA,NA,NA,NA,NA,NA,NA,NA,NA,NA,3510,FALSE,0.310065493164063,2.89,2023-05-18 12:34:12,0,0,0,61,2.5,2.4,"SPXW230616P03510000"
"85",85,"SPXW230616C03520000",654.5,659.5,2,2,0,0,2023-03-16 13:46:59,508.91,1e-05,TRUE,3520,FALSE,0.307685145874023,3.4,2023-05-17 15:53:09,0,0,0,3,2.6,2.45,"SPXW230616P03520000"
"86",86,"SPX230616C03525000",466.3,492.2,1,107,0,0,2023-02-16 14:16:33,674.94,1e-05,TRUE,3525,FALSE,0.305548936767578,3.4,2023-05-17 15:53:09,0,0,0,46,2.6,2.5,"SPXW230616P03525000"
"87",87,"SPXW230616C03530000",685.2,689.7,5,0,0,0,2023-05-17 15:56:00,645.06,0.463643669281006,TRUE,3530,FALSE,0.304328245849609,3.15,2023-05-18 12:39:31,0,0,0,2,2.65,2.55,"SPXW230616P03530000"
"88",88,"SPXW230616C03540000",598.4,644.9,NA,1,0,0,2023-03-28 13:43:59,479.09,1e-05,TRUE,3540,FALSE,0.301795312194824,2.93,2023-05-18 11:04:47,0,0,0,4,2.75,2.6,"SPXW230616P03540000"
"89",89,"SPX230616C03550000",664.2,670.9,1,0,0,0,2023-05-18 09:37:13,618.41,0.45859306060791,TRUE,3550,FALSE,0.298346860351562,2.96,2023-05-18 15:58:49,0,0,0,164,2.8,2.7,"SPXW230616P03550000"
"90",90,"SPX230616C03560000",0,0,NA,0,0,0,2023-03-10 09:44:54,419.36,1e-05,TRUE,3560,FALSE,0.29572237487793,3.5,2023-05-18 09:30:02,0,0,0,2,2.9,2.8,"SPXW230616P03560000"
"91",91,"SPX230616C03570000",465.7,469.2,10,11,0,0,2023-01-30 10:59:41,566.4,1e-05,TRUE,3570,FALSE,0.293006337585449,3.8,2023-05-18 09:30:02,0,0,0,1,3,2.85,"SPXW230616P03570000"
"92",92,"SPX230616C03575000",561.1,613.1,1,33,0,0,2023-03-28 11:33:29,460.68,1e-05,TRUE,3575,FALSE,0.292395992126465,3.5,2023-05-18 12:06:03,0,0,0,1,3.1,2.9,"SPXW230616P03575000"
"93",93,"SPX230616C03580000",0,0,NA,0,0,0,2023-03-10 14:33:44,391.25,1e-05,TRUE,3580,FALSE,0.29022926574707,3.25,2023-05-18 11:53:44,0,0,0,3,3.1,2.95,"SPXW230616P03580000"
"94",94,NA,NA,NA,NA,NA,NA,NA,NA,NA,NA,NA,3585,FALSE,0.289588403015137,4.1,2023-05-17 15:53:00,0,0,0,63,3.2,3,"SPXW230616P03585000"
"95",95,"SPX230616C03590000",624.7,631.4,1,0,0,0,2023-04-25 11:32:19,544.35,0.437871832275391,TRUE,3590,FALSE,0.287406417999268,3.55,2023-05-18 14:53:17,0,0,0,7,3.2,3,"SPXW230616P03590000"
"96",96,NA,NA,NA,NA,NA,NA,NA,NA,NA,NA,NA,3595,FALSE,0.285224432983398,3.6,2023-05-18 14:37:44,0,0,0,1,3.2,3,"SPX230616P03595000"
"97",97,"SPXW230616C03600000",615.9,620.4,32,0,0,0,2023-05-18 15:53:54,613.8,0.426900872650147,TRUE,3600,FALSE,0.283057706604004,3.38,2023-05-18 15:54:51,0,0,0,727,3.2,3,"SPX230616P03600000"
"98",98,"SPXW230616C03605000",611.1,615.6,1,0,0,0,2023-05-09 13:11:38,537.93,0.425039319000244,TRUE,3605,FALSE,0.283759603881836,4.4,2023-05-17 15:52:58,0,0,0,7,3.4,3.2,"SPXW230616P03605000"
"99",99,"SPXW230616C03610000",0,0,1,0,0,0,2023-04-10 13:50:47,534.31,1e-05,TRUE,3610,FALSE,0.280158565673828,3.8,2023-05-18 14:37:44,0,0,0,1,3.3,3.1,"SPX230616P03610000"
"100",100,"SPXW230616C03615000",577.4,582.5,NA,1,0,0,2023-03-29 10:32:30,456.89,1e-05,TRUE,3615,FALSE,0.279395633850098,3.9,2023-05-18 14:37:44,0,0,0,1,3.4,3.2,"SPX230616P03615000"
"101",101,"SPXW230616C03620000",596.3,600.9,5,0,0,0,2023-05-18 09:55:45,548.84,0.41786013053894,TRUE,3620,FALSE,0.277198390197754,3.9,2023-05-18 14:37:42,0,0,0,1,3.4,3.2,"SPX230616P03620000"
"102",102,"SPX230616C03625000",554,559.7,45,82,0,0,2023-03-16 10:55:20,392.04,1e-05,TRUE,3625,FALSE,0.277717183837891,3.7,2023-05-18 15:51:01,0,0,0,32,3.6,3.4,"SPXW230616P03625000"
"103",103,"SPX230616C03630000",549.3,555,NA,14,0,0,2023-03-15 14:33:07,372.3,1e-05,TRUE,3630,FALSE,0.276832182922363,4.1,2023-05-18 11:58:54,0,0,0,102,3.7,3.5,"SPXW230616P03630000"
"104",104,NA,NA,NA,NA,NA,NA,NA,NA,NA,NA,NA,3635,FALSE,0.27463493927002,4.11,2023-05-18 15:13:24,0,0,0,74,3.7,3.5,"SPXW230616P03635000"
"105",105,"SPXW230616C03640000",576.6,581.1,4,0,0,0,2023-05-18 10:47:28,549.16,0.407232490234375,TRUE,3640,FALSE,0.272437695617676,4.2,2023-05-18 14:37:44,0,0,0,2,3.7,3.5,"SPX230616P03640000"
"106",106,"SPX230616C03645000",517.1,522.2,NA,1,0,0,2023-03-23 10:42:24,417.77,1e-05,TRUE,3645,FALSE,0.27149166015625,4.45,2023-05-18 13:18:26,0,0,0,26,3.8,3.7,"SPXW230616P03645000"
"107",107,"SPX230616C03650000",565.6,572.2,1,0,0,0,2023-05-12 04:37:56,514.4,0.406728955230713,TRUE,3650,FALSE,0.270515107421875,3.86,2023-05-19 03:07:27,-3.5000026,-0.1400001,0,15,3.9,3.7,"SPXW230616P03650000"
"108",108,"SPX230616C03655000",509.2,514.5,4,12,0,0,2023-03-21 15:15:05,424.61,1e-05,TRUE,3655,FALSE,0.268287346496582,4.5,2023-05-18 14:37:44,0,0,0,1,3.9,3.6,"SPX230616P03655000"
"109",109,"SPX230616C03660000",444.5,449.8,NA,0,0,0,2023-04-04 09:50:17,513.92,1e-05,TRUE,3660,FALSE,0.267280276489258,5.26,2023-05-18 09:30:38,0,0,0,2,4,3.9,"SPXW230616P03660000"
"110",110,"SPX230616C03665000",514.6,519,2,1,0,0,2023-03-20 10:29:29,380.85,1e-05,TRUE,3665,FALSE,0.266242689208984,4.67,2023-05-18 10:34:39,0,0,0,4,4.1,3.9,"SPXW230616P03665000"
"111",111,"SPXW230616C03670000",547,551.5,3,0,0,0,2023-05-17 12:16:50,478.83,0.391683939666748,TRUE,3670,FALSE,0.265174584655762,4.45,2023-05-18 15:45:06,0,0,0,2,4.2,4,"SPXW230616P03670000"
"112",112,"SPXW230616C03675000",542.2,546.8,3,0,0,0,2023-05-17 12:16:50,474.03,0.390188593292236,TRUE,3675,FALSE,0.261787167358398,4.5,2023-05-18 15:33:29,0,0,0,105,4.1,3.9,"SPX230616P03675000"
"113",113,"SPXW230616C03680000",499.9,502.7,2,6,0,0,2023-04-18 12:49:21,508.58,1e-05,TRUE,3680,FALSE,0.261817684631348,4.9,2023-05-18 11:58:54,0,0,0,20,4.3,4.1,"SPXW230616P03680000"
"114",114,"SPX230616C03685000",487.1,491.7,4,3,0,0,2023-04-17 10:02:25,495.56,1e-05,TRUE,3685,FALSE,0.25957466506958,5,2023-05-18 14:37:44,0,0,0,2,4.3,4.1,"SPX230616P03685000"
"115",115,"SPX230616C03690000",526.4,532.9,1,0,0,0,2023-04-25 15:16:12,433.59,0.386480744628906,TRUE,3690,FALSE,0.259498371887207,4.83,2023-05-18 15:42:09,0,0,0,21,4.5,4.3,"SPXW230616P03690000"
"116",116,"SPX230616C03695000",0,0,2,0,0,0,2023-03-31 10:27:33,438.33,1e-05,TRUE,3695,FALSE,0.257255352325439,5.1,2023-05-18 15:27:13,0,0,0,20,4.5,4.4,"SPXW230616P03695000"
"117",117,"SPX230616C03700000",517.8,521.9,3,0,0,0,2023-05-18 13:46:22,479.93,0.376020949325562,TRUE,3700,FALSE,0.255012332763672,4.8,2023-05-18 16:00:00,0,0,0,2286,4.5,4.3,"SPX230616P03700000"
"118",118,"SPX230616C03705000",482,508.9,2,5,0,0,2023-03-30 10:25:14,411.62,0.333350172424316,TRUE,3705,FALSE,0.253791641845703,5.2,2023-05-18 15:11:08,0,0,0,2,4.6,4.4,"SPX230616P03705000"
"119",119,"SPX230616C03710000",477.3,504.1,2,10,0,0,2023-03-30 10:18:29,402.78,0.331709869003296,TRUE,3710,FALSE,0.25255569229126,4.8,2023-05-18 15:53:13,0,0,0,129,4.7,4.4,"SPX230616P03710000"
"120",120,"SPX230616C03715000",423.8,428.2,1,4,0,0,2023-04-13 15:46:26,478.92,1e-05,TRUE,3715,FALSE,0.251304484100342,5.6,2023-05-18 14:37:44,0,0,0,2,4.8,4.5,"SPX230616P03715000"
"121",121,"SPXW230616C03720000",498.1,502.7,10,0,0,0,2023-05-03 14:19:26,447.37,0.367888096084595,TRUE,3720,FALSE,0.249030947265625,5.56,2023-05-18 14:50:40,0,0,0,22,4.8,4.6,"SPX230616P03720000"
"122",122,"SPXW230616C03725000",493.3,497.8,17,0,0,0,2023-05-18 15:41:53,480.5,0.365378050384521,TRUE,3725,FALSE,0.247733963165283,5,2023-05-18 16:13:50,0,0,0,525,4.9,4.7,"SPX230616P03725000"
"123",123,"SPX230616C03730000",487.2,493.7,2,0,0,0,2023-05-18 10:13:29,450.21,0.366354603118897,TRUE,3730,FALSE,0.246421720428467,6,2023-05-18 14:38:18,0,0,0,65,5,4.8,"SPX230616P03730000"
"124",124,"SPXW230616C03735000",433.8,438.4,NA,13,0,0,2023-03-23 12:05:16,353.03,1e-05,TRUE,3735,FALSE,0.245078960418701,6.1,2023-05-18 14:37:44,0,0,0,8,5.1,4.9,"SPX230616P03735000"
"125",125,"SPX230616C03740000",433.9,438.4,2,17,0,0,2023-04-17 13:26:43,434.21,1e-05,TRUE,3740,FALSE,0.243720941772461,5.56,2023-05-18 15:45:08,0,0,0,19,5.2,5,"SPX230616P03740000"
"126",126,"SPXW230616C03745000",415.5,420.5,2,13,0,0,2023-04-05 10:10:26,407.79,1e-05,TRUE,3745,FALSE,0.244132924957275,6.55,2023-05-18 10:43:30,0,0,0,17,5.5,5.3,"SPXW230616P03745000"
"127",127,"SPXW230616C03750000",469,473.4,2,0,0,0,2023-05-18 15:30:26,451.65,0.353178770523071,TRUE,3750,FALSE,0.240928611297607,5.69,2023-05-18 15:56:50,0,0,0,7650,5.4,5.2,"SPX230616P03750000"
"128",128,"SPX230616C03755000",0,0,66,0,0,0,2023-03-31 10:27:42,387.06,1e-05,TRUE,3755,FALSE,0.241249042663574,6.2,2023-05-18 15:45:14,0,0,0,45,5.7,5.5,"SPXW230616P03755000"
"129",129,"SPXW230616C03760000",397.7,402.2,4,135,0,0,2023-04-03 09:39:33,417.76,1e-05,TRUE,3760,FALSE,0.238059987640381,5.85,2023-05-18 15:50:00,0,0,0,14,5.6,5.4,"SPX230616P03760000"
"130",130,"SPXW230616C03765000",348.9,353.8,2,0,0,0,2023-04-04 10:07:37,425.32,1e-05,TRUE,3765,FALSE,0.237434383544922,6.9,2023-05-18 14:41:27,0,0,0,140,5.8,5.5,"SPX230616P03765000"
"131",131,"SPXW230616C03770000",430.2,435.1,2,85,0,0,2023-03-30 15:06:27,355.91,0.244758529052734,TRUE,3770,FALSE,0.235923778533936,7,2023-05-18 14:37:44,0,0,0,5,5.9,5.6,"SPX230616P03770000"
"132",132,"SPXW230616C03775000",0,0,6,0,0,0,2023-03-20 12:24:00,290.4,1e-05,TRUE,3775,FALSE,0.23358920715332,6.25,2023-05-18 15:59:58,0,0,0,366,5.9,5.7,"SPX230616P03775000"
"133",133,"SPXW230616C03780000",393.1,397.6,4,13,0,0,2023-03-24 09:35:37,278.57,1e-05,TRUE,3780,FALSE,0.234443690795898,6.6,2023-05-18 15:50:49,0,0,0,74,6.3,6.1,"SPXW230616P03780000"
"134",134,"SPXW230616C03785000",388.6,393.1,5,4,0,0,2023-03-24 10:07:51,277.99,1e-05,TRUE,3785,FALSE,0.232856792602539,6.8,2023-05-18 15:56:44,0,0,0,5,6.4,6.2,"SPXW230616P03785000"
"135",135,"SPXW230616C03790000",429.7,434.2,1,0,0,0,2023-05-12 15:07:28,345.65,0.33263301651001,TRUE,3790,FALSE,0.22971351348877,7.7,2023-05-18 14:38:18,0,0,0,1,6.3,6.1,"SPX230616P03790000"
"136",136,"SPXW230616C03795000",379.6,384.1,4,41,0,0,2023-03-24 16:03:05,292.8,1e-05,TRUE,3795,FALSE,0.230384893493652,7,2023-05-18 15:56:24,0,0,0,34,6.7,6.5,"SPXW230616P03795000"
"137",137,"SPXW230616C03800000",420.4,424.8,26,0,0,0,2023-05-18 15:54:02,418.5,0.329016719665527,TRUE,3800,FALSE,0.227256873016357,6.8,2023-05-18 16:00:00,0,0,0,1899,6.6,6.4,"SPX230616P03800000"
"138",138,"SPX230616C03805000",346,350.2,4,10,0,0,2023-04-17 09:30:03,382.43,1e-05,TRUE,3805,FALSE,0.2256089402771,8.2,2023-05-18 14:38:18,0,0,0,1,6.7,6.5,"SPX230616P03805000"
"139",139,"SPXW230616C03810000",309.7,314.2,335,0,0,0,2023-04-04 10:06:15,388.54,1e-05,TRUE,3810,FALSE,0.226097216644287,7.5,2023-05-18 15:55:35,0,0,0,21,7.1,6.9,"SPXW230616P03810000"
"140",140,"SPX230616C03815000",404.7,411.1,2,0,0,0,2023-05-02 11:16:58,330.96,0.32498843963623,TRUE,3815,FALSE,0.224388249359131,7.7,2023-05-18 15:56:07,0,0,0,45,7.2,7,"SPXW230616P03815000"
"141",141,"SPX230616C03820000",399.8,406.3,1,0,0,0,2023-05-17 09:30:02,334.7,0.322699644165039,TRUE,3820,FALSE,0.223335403442383,7.68,2023-05-18 16:07:09,0,0,0,24,7.4,7.2,"SPXW230616P03820000"
"142",142,"SPX230616C03825000",395,401.4,1,0,0,0,2023-05-17 09:30:02,330.1,0.320021753463745,TRUE,3825,FALSE,0.222259669570923,8,2023-05-18 15:55:35,0,0,0,137,7.6,7.4,"SPXW230616P03825000"
"143",143,"SPX230616C03830000",390.5,396.9,1,0,0,0,2023-05-17 09:30:02,324.8,0.318831579818725,TRUE,3830,FALSE,0.220482038421631,8.03,2023-05-18 16:07:09,0,0,0,80,7.7,7.5,"SPXW230616P03830000"
"144",144,"SPXW230616C03835000",344.1,348.4,2,10,0,0,2023-03-24 11:01:11,238.61,1e-05,TRUE,3835,FALSE,0.219337640686035,8.3,2023-05-18 15:59:08,0,0,0,101,7.9,7.7,"SPXW230616P03835000"
"145",145,"SPX230616C03840000",380.6,386.9,1,0,0,0,2023-05-17 09:30:02,315.5,0.312674720001221,TRUE,3840,FALSE,0.216224878845215,8.3,2023-05-18 15:45:45,0,0,0,76,7.8,7.6,"SPX230616P03840000"
"146",146,"SPX230616C03845000",0,0,18,0,0,0,2023-03-31 12:09:42,325.07,1e-05,TRUE,3845,FALSE,0.21504996383667,8.3,2023-05-18 15:51:04,0,0,0,4,8,7.8,"SPX230616P03845000"
"147",147,"SPX230616C03850000",371.9,376.2,1,0,0,0,2023-05-17 09:30:02,306.9,0.303939150619507,TRUE,3850,FALSE,0.215065222473145,8.9,2023-05-18 15:59:08,0,0,0,216,8.4,8.2,"SPXW230616P03850000"
"148",148,"SPXW230616C03855000",306.2,350.6,6,25,0,0,2023-03-28 10:23:53,238.47,0.207069696960449,TRUE,3855,FALSE,0.212578064727783,10.3,2023-05-18 14:38:18,0,0,0,6,8.4,8.1,"SPX230616P03855000"
"149",149,"SPX230616C03860000",361.4,367.7,1,0,0,0,2023-05-18 11:56:42,342.3,0.303202921409607,TRUE,3860,FALSE,0.212471254272461,9.4,2023-05-18 15:55:31,0,0,0,130,8.8,8.6,"SPXW230616P03860000"
"150",150,"SPXW230616C03865000",358,362.2,4,0,0,0,2023-05-18 15:19:23,340.74,0.298301084442139,TRUE,3865,FALSE,0.209373751068115,10.8,2023-05-18 14:38:18,0,0,0,412,8.7,8.5,"SPX230616P03865000"
"151",151,"SPXW230616C03870000",353.2,357.4,110,0,0,0,2023-05-17 14:28:18,314.59,0.295905478515625,TRUE,3870,FALSE,0.209747587661743,9.1,2023-05-19 04:15:35,-7.1428556,-0.6999998,0,24,9.2,9,"SPXW230616P03870000"
"152",152,"SPXW230616C03875000",348.5,352.8,20,0,0,0,2023-05-17 14:28:28,310.74,0.294204140548706,TRUE,3875,FALSE,0.207207024688721,9.7,2023-05-18 15:59:58,0,0,0,228,9.2,8.9,"SPX230616P03875000"
"153",153,"SPXW230616C03880000",343.7,348,2,0,0,0,2023-05-17 14:26:12,306.42,0.291778017349243,TRUE,3880,FALSE,0.205787971496582,9.95,2023-05-18 15:57:22,0,0,0,39,9.4,9.1,"SPX230616P03880000"
"154",154,"SPXW230616C03885000",338.9,343.2,18,0,0,0,2023-05-17 14:26:22,301.81,0.289329006195068,TRUE,3885,FALSE,0.204338401031494,11.3,2023-05-18 15:10:42,0,0,0,147,9.6,9.3,"SPX230616P03885000"
"155",155,"SPX230616C03890000",332.8,339,67,0,0,0,2023-05-17 12:54:01,286.94,0.288932281646728,TRUE,3890,FALSE,0.20285068397522,10.5,2023-05-18 15:54:33,0,0,0,174,9.8,9.6,"SPX230616P03890000"
"156",156,"SPXW230616C03895000",329.7,333.9,2,0,0,0,2023-05-04 10:42:42,229.2,0.285422795257568,TRUE,3895,FALSE,0.203422882843018,10.26,2023-05-18 20:16:06,-7.567569,-0.84000015,0,1,10.4,10.1,"SPXW230616P03895000"
"157",157,"SPX230616C03900000",324.5,327.9,24,0,0,0,2023-05-18 16:00:01,314,0.278861581573486,TRUE,3900,FALSE,0.200310121002197,9.83,2023-05-18 23:22:22,-10.22831,-1.1199999,0,2,10.3,10,"SPX230616P03900000"
"158",158,"SPX230616C03905000",318.7,324.9,36,0,0,0,2023-05-17 12:53:10,272.91,0.282424473190308,TRUE,3905,FALSE,0.200729733505249,11.6,2023-05-18 15:55:36,0,0,0,7,10.9,10.7,"SPXW230616P03905000"
"159",159,"SPX230616C03910000",313.9,320.2,287,0,0,0,2023-05-17 12:54:47,270.63,0.280211970901489,TRUE,3910,FALSE,0.199089430084229,11.9,2023-05-18 15:55:35,0,0,0,27,11.1,10.9,"SPXW230616P03910000"
"160",160,"SPX230616C03915000",309.2,315.4,2,0,0,0,2023-05-17 12:53:46,264.42,0.277656149291992,TRUE,3915,FALSE,0.197899256439209,12.2,2023-05-18 15:55:34,0,0,0,4,11.4,11.2,"SPXW230616P03915000"
"161",161,"SPX230616C03920000",304.5,310.7,1,0,0,0,2023-05-18 11:36:42,284.6,0.275413129730225,TRUE,3920,FALSE,0.196663306884766,12.5,2023-05-18 15:55:35,0,0,0,17,11.7,11.5,"SPXW230616P03920000"
"162",162,"SPX230616C03925000",301.4,306.3,1,0,0,0,2023-05-17 09:30:02,238.4,0.274108516311646,TRUE,3925,FALSE,0.193520027770996,12.41,2023-05-18 15:54:04,0,0,0,108,11.6,11.4,"SPX230616P03925000"
"163",163,"SPX230616C03930000",296.2,300.9,1,0,0,0,2023-05-17 09:30:02,234.6,0.269584330596924,TRUE,3930,FALSE,0.194061709365845,12.7,2023-05-18 16:11:25,0,0,0,30,12.3,12,"SPXW230616P03930000"
"164",164,"SPX230616C03935000",291.6,296.2,15,0,0,0,2023-04-26 11:36:33,217.8,0.267284091148376,TRUE,3935,FALSE,0.191353301391602,13.07,2023-05-18 15:56:50,0,0,0,372,12.3,12,"SPX230616P03935000"
"165",165,"SPX230616C03940000",286.9,291.5,3,0,0,0,2023-05-17 12:53:20,241.42,0.264968593063354,TRUE,3940,FALSE,0.191292266845703,13.9,2023-05-18 15:55:09,0,0,0,6,12.9,12.7,"SPXW230616P03940000"
"166",166,"SPX230616C03945000",282.2,286.9,2,0,0,0,2023-05-05 10:41:58,231.85,0.262939194412231,TRUE,3945,FALSE,0.188126099777222,16,2023-05-18 14:37:44,0,0,0,31,12.8,12.6,"SPX230616P03945000"
"167",167,"SPX230616C03950000",278.1,280.7,43,0,0,0,2023-05-18 16:00:00,267.5,0.25592403629303,TRUE,3950,FALSE,0.187096141815186,13.75,2023-05-18 16:05:39,0,0,0,629,13.2,12.9,"SPX230616P03950000"
"168",168,"SPX230616C03955000",272.9,277.6,2,0,0,0,2023-05-11 14:35:38,215.15,0.25849893119812,TRUE,3955,FALSE,0.186012778625488,16.9,2023-05-18 14:38:18,0,0,0,40,13.6,13.3,"SPX230616P03955000"
"169",169,"SPX230616C03960000",268.2,272.9,71,0,0,0,2023-05-18 15:52:56,268,0.256088066635132,TRUE,3960,FALSE,0.184471656341553,17.3,2023-05-18 14:37:44,0,0,0,44,13.9,13.5,"SPX230616P03960000"
"170",170,"SPX230616C03965000",263.6,268.3,1,0,0,0,2023-05-17 10:17:22,196.9,0.253959486846924,TRUE,3965,FALSE,0.18328911201477,14.95,2023-05-18 15:50:44,0,0,0,210,14.3,14,"SPX230616P03965000"
"171",171,"SPX230616C03970000",259,263.8,24,0,0,0,2023-05-18 13:48:05,227.5,0.252097933197022,TRUE,3970,FALSE,0.181664067230225,15.66,2023-05-18 15:54:18,0,0,0,395,14.6,14.3,"SPX230616P03970000"
"172",172,"SPX230616C03975000",254.4,259,5,0,0,0,2023-05-18 15:40:44,242.35,0.249320861358643,TRUE,3975,FALSE,0.180382341766357,15.68,2023-05-18 16:09:53,0,0,0,320,15,14.7,"SPX230616P03975000"
"173",173,"SPX230616C03980000",249.8,254.6,1,0,0,0,2023-05-17 09:30:02,190.7,0.247695816574097,TRUE,3980,FALSE,0.179054840393066,17.77,2023-05-18 15:34:24,0,0,0,258,15.4,15.1,"SPX230616P03980000"
"174",174,"SPXW230616C03985000",245.7,249.8,2,0,0,0,2023-05-18 15:47:37,240.69,0.244872968826294,TRUE,3985,FALSE,0.177681563110352,17.85,2023-05-18 15:40:45,0,0,0,21,15.8,15.5,"SPX230616P03985000"
"175",175,"SPX230616C03990000",240.6,245.4,1,0,0,0,2023-05-17 09:30:02,182.9,0.243179260177612,TRUE,3990,FALSE,0.176254880599976,18.2,2023-05-18 15:42:13,0,0,0,15,16.2,15.9,"SPX230616P03990000"
"176",176,"SPXW230616C03995000",236.5,240.5,3,0,0,0,2023-05-05 10:49:14,190.78,0.240028351745605,TRUE,3995,FALSE,0.174782422180176,18.85,2023-05-18 15:41:26,0,0,0,482,16.6,16.3,"SPX230616P03995000"
"177",177,"SPX230616C04000000",232.3,234.9,4881,0,0,0,2023-05-18 15:57:45,228.3,0.234886191253662,TRUE,4000,FALSE,0.175018931045532,17.22,2023-05-19 01:08:58,-5.901639,-1.0799999,0,11,17.5,17.2,"SPXW230616P04000000"
"178",178,"SPXW230616C04005000",227.8,231.8,3,0,0,0,2023-05-18 11:56:42,210.15,0.236755374221802,TRUE,4005,FALSE,0.173767722854614,19.05,2023-05-18 15:58:53,0,0,0,126,18,17.7,"SPXW230616P04005000"
"179",179,"SPX230616C04010000",222.5,227.2,120,0,0,0,2023-05-18 10:07:11,184.72,0.234363582954407,TRUE,4010,FALSE,0.172119790115356,19.77,2023-05-18 16:00:09,0,0,0,109,18.4,18.2,"SPXW230616P04010000"
"180",180,"SPXW230616C04015000",218.7,222.5,10,0,0,0,2023-05-12 15:45:27,158.57,0.231666618957519,TRUE,4015,FALSE,0.169090950775147,19.22,2023-05-18 16:06:38,0,0,0,162,18.4,18.1,"SPX230616P04015000"
"181",181,"SPXW230616C04020000",214.3,218.2,10,0,0,0,2023-05-16 10:50:51,154.09,0.230033944854736,TRUE,4020,FALSE,0.169342718276978,20.82,2023-05-18 16:00:09,0,0,0,239,19.4,19.2,"SPXW230616P04020000"
"182",182,"SPXW230616C04025000",209.7,213.6,4,0,0,0,2023-05-18 15:53:45,208.82,0.227550601768494,TRUE,4025,FALSE,0.166260473709106,20.38,2023-05-18 16:09:53,0,0,0,389,19.4,19.1,"SPX230616P04025000"
"183",183,"SPX230616C04030000",204.4,208.8,2,0,0,0,2023-05-18 10:25:51,181.49,0.22450268913269,TRUE,4030,FALSE,0.166348210868835,21.5,2023-05-18 16:10:49,0,0,0,87,20.4,20.1,"SPXW230616P04030000"
"184",184,"SPXW230616C04035000",201.2,205.1,3,0,0,0,2023-05-15 10:11:49,137.4,0.22433484413147,TRUE,4035,FALSE,0.163521548461914,23.8,2023-05-18 15:40:05,0,0,0,687,20.5,20.2,"SPX230616P04035000"
"185",185,"SPXW230616C04040000",196.6,200.4,8,0,0,0,2023-05-16 15:45:09,135.9,0.221481479110718,TRUE,4040,FALSE,0.163746613349915,23.1,2023-05-18 15:54:54,0,0,0,31,21.6,21.4,"SPXW230616P04040000"
"186",186,"SPXW230616C04045000",192.1,195.9,17,0,0,0,2023-05-17 10:56:42,134.1,0.219116390457153,TRUE,4045,FALSE,0.162350448112488,23.7,2023-05-18 15:54:55,0,0,0,23,22.2,21.9,"SPXW230616P04045000"
"187",187,"SPXW230616C04050000",187.7,191.5,8,0,0,0,2023-05-18 11:08:41,173.5,0.216972552032471,TRUE,4050,FALSE,0.160893248329163,22.2,2023-05-18 20:29:07,-6.8401136,-1.6299992,0,3,22.8,22.5,"SPXW230616P04050000"
"188",188,"SPXW230616C04055000",183.4,187.1,22,0,0,0,2023-05-17 12:32:58,136.1,0.214786752357483,TRUE,4055,FALSE,0.15937119934082,24.65,2023-05-18 15:57:25,0,0,0,36,23.4,23.1,"SPXW230616P04055000"
"189",189,"SPX230616C04060000",177.9,182.5,4,0,0,0,2023-05-18 15:18:49,163,0.212051641769409,TRUE,4060,FALSE,0.156357618637085,25.19,2023-05-18 15:45:45,0,0,0,95,23.5,23.2,"SPX230616P04060000"
"190",190,"SPX230616C04065000",173.7,178.2,4,0,0,0,2023-05-18 15:12:16,155.9,0.210037501754761,TRUE,4065,FALSE,0.156430097160339,27.63,2023-05-18 15:44:07,0,0,0,20,24.7,24.4,"SPXW230616P04065000"
"191",191,"SPX230616C04070000",169.4,173.9,140,0,0,0,2023-05-18 15:24:47,153.14,0.207969956512451,TRUE,4070,FALSE,0.153336408615112,26.04,2023-05-18 15:51:56,0,0,0,169,24.8,24.5,"SPX230616P04070000"
"192",192,"SPXW230616C04075000",166.3,169.9,6,0,0,0,2023-05-18 15:00:05,146.08,0.206592864570618,TRUE,4075,FALSE,0.153496624298096,27.27,2023-05-18 16:09:11,0,0,0,310,26.1,25.8,"SPXW230616P04075000"
"193",193,"SPXW230616C04080000",161.8,165.4,23,0,0,0,2023-05-18 15:47:37,157.58,0.203941676483154,TRUE,4080,FALSE,0.152199640197754,26.21,2023-05-18 20:27:18,-6.924719,-1.9500008,0,1,26.9,26.6,"SPXW230616P04080000"
"194",194,"SPXW230616C04085000",157.8,161.3,3,0,0,0,2023-05-18 03:59:02,129.6,0.202209821243286,TRUE,4085,FALSE,0.150555522117615,31.6,2023-05-18 15:40:41,0,0,0,57,27.6,27.3,"SPXW230616P04085000"
"195",195,"SPXW230616C04090000",153.5,157,25,0,0,0,2023-05-18 15:19:06,139.21,0.199940099067688,TRUE,4090,FALSE,0.147541941413879,29.42,2023-05-18 15:55:26,0,0,0,2033,27.8,27.3,"SPX230616P04090000"
"196",196,"SPXW230616C04095000",149.6,153,8,0,0,0,2023-05-18 08:20:31,122.1,0.198334127578735,TRUE,4095,FALSE,0.147580088005066,30.6,2023-05-18 15:59:09,0,0,0,52,29.2,28.9,"SPXW230616P04095000"
"197",197,"SPXW230616C04100000",145.1,148.5,79,0,0,0,2023-05-18 15:44:52,139.52,0.195488391876221,TRUE,4100,FALSE,0.146229698677063,30.8,2023-05-19 03:14:27,-2.0667775,-0.6500015,0,2,30.1,29.7,"SPXW230616P04100000"
"198",198,"SPXW230616C04105000",141,144.4,70,0,0,0,2023-05-18 15:44:52,135.52,0.193527657089233,TRUE,4105,FALSE,0.143048272972107,31.59,2023-05-18 15:51:56,0,0,0,53,30.3,29.8,"SPX230616P04105000"
"199",199,"SPX230616C04110000",137.6,138.5,45,0,0,0,2023-05-18 15:49:32,131.45,0.187336465339661,TRUE,4110,FALSE,0.143033014335632,31.4,2023-05-19 04:31:52,-5.7057047,-1.8999996,0,15,31.8,31.5,"SPXW230616P04110000"
"200",200,"SPX230616C04115000",133.5,134.4,1,0,0,0,2023-05-18 13:42:24,107.7,0.185287993392944,TRUE,4115,FALSE,0.141678810348511,34.48,2023-05-18 16:02:23,0,0,0,72,32.8,32.4,"SPXW230616P04115000"
"201",201,"SPX230616C04120000",129.5,130.4,83,0,0,0,2023-05-18 15:37:31,115.29,0.18340355178833,TRUE,4120,FALSE,0.140233054542542,35.53,2023-05-18 16:02:23,0,0,0,224,33.8,33.4,"SPXW230616P04120000"
"202",202,"SPX230616C04125000",125.5,126.4,320,0,0,0,2023-05-18 15:43:40,116.8,0.18145044631958,TRUE,4125,FALSE,0.138463052711487,35.4,2023-05-19 03:39:38,-2.3448234,-0.8499985,0,11,34.7,34.4,"SPXW230616P04125000"
"203",203,"SPX230616C04130000",121.6,122.4,53,0,0,0,2023-05-18 16:00:21,117.2,0.179428676986694,TRUE,4130,FALSE,0.135434213371277,36.67,2023-05-18 15:59:47,0,0,0,83,35.1,34.6,"SPX230616P04130000"
"204",204,"SPXW230616C04135000",118.6,119,184,0,0,0,2023-05-18 16:10:00,114.4,0.178673374481201,TRUE,4135,FALSE,0.133736690063477,37.6,2023-05-18 16:03:38,0,0,0,392,36.1,35.6,"SPX230616P04135000"
"205",205,"SPXW230616C04140000",114.7,115.1,129,0,0,0,2023-05-18 15:57:15,110.61,0.176720269012451,TRUE,4140,FALSE,0.13194380027771,38.75,2023-05-18 16:01:14,0,0,0,477,37.1,36.7,"SPX230616P04140000"
"206",206,"SPX230616C04145000",109.7,110.5,72,0,0,0,2023-05-18 16:01:14,106.42,0.173149748077393,TRUE,4145,FALSE,0.130505673789978,39.9,2023-05-18 16:01:14,0,0,0,87,38.3,37.9,"SPX230616P04145000"
"207",207,"SPX230616C04150000",106,106.9,17677,0,0,0,2023-05-18 16:15:37,102.9,0.171707806930542,TRUE,4150,FALSE,0.128739486618042,41.1,2023-05-18 16:15:37,0,0,0,17606,39.4,39,"SPX230616P04150000"
"208",208,"SPXW230616C04155000",103.3,103.7,160,0,0,0,2023-05-18 15:32:35,90.25,0.171051685562134,TRUE,4155,FALSE,0.128861555709839,49.49,2023-05-18 11:50:46,0,0,0,39,41.4,41,"SPXW230616P04155000"
"209",209,"SPX230616C04160000",98.5,99.4,358,0,0,0,2023-05-18 16:06:32,95,0.167916035766602,TRUE,4160,FALSE,0.127087739219666,41.61,2023-05-18 20:27:18,-6.410253,-2.8499985,0,1,42.6,42.3,"SPXW230616P04160000"
"210",210,"SPXW230616C04165000",95.9,96.3,198,0,0,0,2023-05-18 16:04:04,92.4,0.167290431671143,TRUE,4165,FALSE,0.125420733184814,46.4,2023-05-18 15:54:43,0,0,0,89,43.9,43.6,"SPXW230616P04165000"
"211",211,"SPX230616C04170000",91.3,92.1,1331,0,0,0,2023-05-18 15:54:47,88.09,0.164200557785034,TRUE,4170,FALSE,0.122334673957825,52.6,2023-05-18 15:15:51,0,0,0,1703,44.6,44.1,"SPX230616P04170000"
"212",212,"SPXW230616C04175000",88.7,89.1,6,0,1.7300034,2.0288537,2023-05-19 02:57:21,87,0.163594026985169,TRUE,4175,FALSE,0.120434973716736,49.91,2023-05-18 15:48:54,0,0,0,2312,45.9,45.4,"SPX230616P04175000"
"213",213,"SPX230616C04180000",84.1,84.9,4196,0,0,0,2023-05-18 15:58:29,81.36,0.160321049461365,TRUE,4180,FALSE,0.118840446205139,50.5,2023-05-18 15:49:57,0,0,0,4395,47.4,46.9,"SPX230616P04180000"
"214",214,"SPX230616C04185000",80.7,81.5,5489,0,0,0,2023-05-18 15:35:20,69.6,0.158661672744751,TRUE,4185,FALSE,0.117108590965271,52.63,2023-05-18 15:47:24,0,0,0,5618,48.9,48.4,"SPX230616P04185000"
"215",215,"SPXW230616C04190000",78.3,78.7,167,0,0,0,2023-05-18 15:50:56,75.75,0.158165767059326,TRUE,4190,FALSE,0.115449214248657,50.4,2023-05-19 01:58:15,-4.454973,-2.3499985,0,2,50.5,50,"SPX230616P04190000"
"216",216,"SPX230616C04195000",73.9,74.7,2796,0,0,0,2023-05-18 15:56:26,71.5,0.155018673286438,TRUE,4195,FALSE,0.115342403793335,56.8,2023-05-18 15:49:35,0,0,0,60,52.9,52.5,"SPXW230616P04195000"
"217",217,"SPXW230616C04200000",71.5,71.9,306,0,0,0,2023-05-18 16:14:35,68.3,0.15430533203125,FALSE,4200,TRUE,0.113595289916992,53.63,2023-05-19 00:35:19,-5.895772,-3.3600006,0,1,54.6,54.3,"SPXW230616P04200000"
"218",218,"SPXW230616C04205000",68.4,68.8,127,0,0,0,2023-05-18 15:51:41,68.13,0.152840502929688,FALSE,4205,TRUE,0.110211687278748,58.4,2023-05-18 15:58:31,0,0,0,572,55.6,55,"SPX230616P04205000"
"219",219,"SPXW230616C04210000",65.3,65.7,140,0,0,0,2023-05-18 15:53:43,63.9,0.151257419395447,FALSE,4210,TRUE,0.108567569198608,60.2,2023-05-18 16:20:43,0,0,0,3325,57.5,56.8,"SPX230616P04210000"
"220",220,"SPXW230616C04215000",62.2,62.6,94,0,0,0,2023-05-18 15:52:59,61.4,0.149552266769409,FALSE,4215,TRUE,0.108239508514404,62.5,2023-05-18 15:52:59,0,0,0,106,60.1,59.7,"SPXW230616P04215000"
"221",221,"SPXW230616C04220000",59.2,59.6,194,0,0,0,2023-05-18 15:46:30,55.7,0.147934851303101,FALSE,4220,TRUE,0.104955087013245,70.53,2023-05-18 15:34:35,0,0,0,4,61.4,60.7,"SPX230616P04220000"
"222",222,"SPXW230616C04225000",56.2,56.6,793,0,0,0,2023-05-18 16:04:53,53.42,0.146187737426758,FALSE,4225,TRUE,0.10448588394165,67.25,2023-05-18 15:56:36,0,0,0,170,64.1,63.7,"SPXW230616P04225000"
"223",223,"SPXW230616C04230000",53.5,53.9,15,0,4.5,8.910892,2023-05-18 22:45:01,55,0.144947973213196,FALSE,4230,TRUE,0.102746399383545,65.3,2023-05-19 02:27:16,-14.304455,-10.899994,0,7,66.3,65.9,"SPXW230616P04230000"
"224",224,"SPXW230616C04235000",50.7,51.1,106,0,0,0,2023-05-18 16:14:29,47.85,0.143361075019836,FALSE,4235,TRUE,0.100793293914795,78.9,2023-05-18 15:35:43,0,0,0,104,68.5,68.1,"SPXW230616P04235000"
"225",225,"SPXW230616C04240000",47.9,48.3,148,0,0,0,2023-05-18 16:00:36,45.1,0.141629219779968,FALSE,4240,TRUE,0.0988401884460449,83.2,2023-05-18 15:23:09,0,0,0,146,70.8,70.4,"SPXW230616P04240000"
"226",226,"SPXW230616C04245000",45.4,45.7,180,0,0,0,2023-05-18 16:14:29,42.75,0.140187278633118,FALSE,4245,TRUE,0.0968718243408203,75.9,2023-05-18 15:57:35,0,0,0,72,73.2,72.8,"SPXW230616P04245000"
"227",227,"SPXW230616C04250000",42.9,43.2,17,0,2.6800003,6.6468263,2023-05-19 01:48:50,43,0.138817816009521,FALSE,4250,TRUE,0.095109451828003,78.7,2023-05-18 15:59:49,0,0,0,118,75.8,75.4,"SPXW230616P04250000"
"228",228,"SPXW230616C04255000",40.4,40.7,141,0,0,0,2023-05-18 16:07:21,37.9,0.137291952362061,FALSE,4255,TRUE,0.0914016031646729,132.2,2023-05-10 10:21:04,0,0,0,15,77.7,76.9,"SPX230616P04255000"
"229",229,"SPXW230616C04260000",38.2,38.5,160,0,0,0,2023-05-18 16:14:35,35.8,0.136284882354736,FALSE,4260,TRUE,0.0907607404327393,82.6,2023-05-18 15:51:33,0,0,0,48,81,80.6,"SPXW230616P04260000"
"230",230,"SPX230616C04265000",35.1,35.6,49,0,0,0,2023-05-18 15:45:49,33,0.133523069152832,FALSE,4265,TRUE,0.0880942937088013,86.8,2023-05-18 15:59:50,0,0,0,13,83.6,83.2,"SPXW230616P04265000"
"231",231,"SPXW230616C04270000",33.7,34.1,245,0,0,0,2023-05-18 15:52:52,33.34,0.13381298324585,FALSE,4270,TRUE,0.0855651747131348,89.2,2023-05-18 15:52:58,0,0,0,8,86.4,86,"SPXW230616P04270000"
"232",232,"SPX230616C04275000",30.9,31.4,2,0,-0.20000076,-0.6666692,2023-05-19 03:11:30,29.8,0.131138907203674,FALSE,4275,TRUE,0.0828872840118408,113.39,2023-05-18 12:09:09,0,0,0,2,89.3,88.9,"SPXW230616P04275000"
"233",233,"SPXW230616C04280000",29.7,30.1,184,0,0,0,2023-05-18 15:59:10,28.27,0.131615739593506,FALSE,4280,TRUE,0.080011031036377,127.85,2023-05-17 14:55:03,0,0,0,290,92.3,91.9,"SPXW230616P04280000"
"234",234,"SPX230616C04285000",27.1,27.6,89,0,0,0,2023-05-18 15:47:39,24.86,0.129037030029297,FALSE,4285,TRUE,0.0853515538024903,150.6,2023-04-18 14:29:54,0,0,19,38,98.1,94.8,"SPXW230616P04285000"
"235",235,"SPXW230616C04290000",26,26.3,41,0,2.1000004,8.536587,2023-05-19 02:26:00,26.7,0.129223948326111,FALSE,4290,TRUE,0.0769287864685059,96.5,2023-05-19 04:35:52,-15.120065,-17.190002,0,18,99.6,96.8,"SPXW230616P04290000"
"236",236,"SPXW230616C04295000",24.3,24.6,14,0,1.7800007,7.9393425,2023-05-19 02:17:01,24.2,0.128266468887329,FALSE,4295,TRUE,0.0733735241699219,139.29,2023-05-17 14:54:38,0,0,0,2,102.9,100,"SPXW230616P04295000"
"237",237,"SPXW230616C04300000",22.7,23,20,0,2.1000004,10.096156,2023-05-19 02:22:16,22.9,0.127389097290039,FALSE,4300,TRUE,0.069696192779541,114.5,2023-05-18 16:00:01,0,0,0,29,106.4,103,"SPX230616P04300000"
"238",238,"SPXW230616C04305000",21.2,21.5,132,0,0,0,2023-05-18 16:07:35,19.39,0.126603277511597,FALSE,4305,TRUE,0.0641954543304443,187.18,2023-04-21 10:05:37,0,0,0,1,109.8,105.3,"SPX230616P04305000"
"239",239,"SPX230616C04310000",19.1,19.5,371,0,0,0,2023-05-18 15:58:29,17.76,0.124257262153625,FALSE,4310,TRUE,0.0587710090637207,185.46,2023-05-09 15:56:52,0,0,0,1,113.6,109.2,"SPX230616P04310000"
"240",240,"SPXW230616C04315000",18.3,18.6,149,0,0,0,2023-05-18 16:09:29,16.67,0.124772241134644,FALSE,4315,NA,NA,NA,NA,NA,NA,NA,NA,NA,NA,NA
"241",241,"SPXW230616C04320000",17.1,17.4,17,0,1.1200008,7.156555,2023-05-18 21:46:57,16.77,0.124299223403931,FALSE,4320,TRUE,1e-05,184.11,2023-05-15 11:31:16,0,0,0,1,121,116.4,"SPX230616P04320000"
"242",242,"SPXW230616C04325000",15.8,16.1,42,0,0,0,2023-05-18 15:59:11,14.8,0.123357002601624,FALSE,4325,TRUE,1e-05,155.99,2023-05-18 12:15:42,0,0,0,5,124.8,121.4,"SPXW230616P04325000"
"243",243,"SPXW230616C04330000",14.7,15,216,0,0,0,2023-05-18 15:59:52,13.57,0.122838208961487,FALSE,4330,TRUE,0.360106191482544,217.2,2023-04-04 09:34:05,0,0,0,15,246.5,240.9,"SPX230616P04330000"
"244",244,"SPX230616C04335000",13.1,13.5,42,0,0,0,2023-05-18 16:06:38,11.87,0.120850771560669,FALSE,4335,NA,NA,NA,NA,NA,NA,NA,NA,NA,NA,NA
"245",245,"SPXW230616C04340000",12.7,12.9,195,0,0,0,2023-05-18 15:56:50,11.5,0.121598444747925,FALSE,4340,TRUE,1e-05,271.75,2023-05-04 10:25:34,0,0,0,1,136.5,132,"SPX230616P04340000"
"246",246,"SPX230616C04345000",11.3,11.6,21,0,0,0,2023-05-18 16:06:38,10.14,0.119820813598633,FALSE,4345,NA,NA,NA,NA,NA,NA,NA,NA,NA,NA,NA
"247",247,"SPXW230616C04350000",10.9,11.2,25,0,0.9499998,9.644669,2023-05-19 02:14:43,10.8,0.121014801902771,FALSE,4350,TRUE,1e-05,160.05,2023-05-18 15:30:26,0,0,0,2,144.8,141,"SPXW230616P04350000"
"248",248,"SPX230616C04355000",9.7,10,32,0,0,0,2023-05-18 15:59:44,9,0.119160877571106,FALSE,4355,NA,NA,NA,NA,NA,NA,NA,NA,NA,NA,NA
"249",249,"SPXW230616C04360000",9.3,9.6,325,0,0,0,2023-05-18 15:59:36,8.65,0.120133615646362,FALSE,4360,TRUE,0.239952058563232,267.05,2023-04-10 11:18:43,0,0,14,8,214,209.6,"SPXW230616P04360000"
"250",250,"SPXW230616C04365000",8.6,8.9,43,0,0.49999952,6.329108,2023-05-19 03:15:56,8.4,0.11982844291687,FALSE,4365,NA,NA,NA,NA,NA,NA,NA,NA,NA,NA,NA
"251",251,"SPX230616C04370000",7.6,8,20,0,0,0,2023-05-18 15:59:51,6.9,0.118500941543579,FALSE,4370,TRUE,1e-05,227,2023-05-03 14:01:06,0,0,0,30,161.7,157.3,"SPX230616P04370000"
"252",252,"SPX230616C04375000",7.1,7.4,726,0,0,0,2023-05-18 15:59:56,6.3,0.118241544723511,FALSE,4375,TRUE,1e-05,182.2,2023-05-18 15:30:26,0,0,0,2,166.3,162.3,"SPXW230616P04375000"
"253",253,"SPX230616C04380000",6.5,6.8,1033,0,0,0,2023-05-18 15:59:44,6,0.117814302902222,FALSE,4380,TRUE,1e-05,209.5,2023-04-28 13:02:04,0,0,0,3,170.9,166.9,"SPXW230616P04380000"
"254",254,"SPX230616C04385000",6.1,6.3,2,0,0,0,2023-05-18 15:59:51,5.4,0.117684604492187,FALSE,4385,NA,NA,NA,NA,NA,NA,NA,NA,NA,NA,NA
"255",255,"SPX230616C04390000",5.6,5.9,8,0,0,0,2023-05-18 15:59:51,5,0.117921113357544,FALSE,4390,TRUE,0.20516999671936,249.4,2023-04-17 13:54:20,0,0,18,1,223.2,218.8,"SPX230616P04390000"
"256",256,"SPX230616C04395000",5.2,5.5,39,0,0,0,2023-05-18 15:59:51,4.6,0.118027923812866,FALSE,4395,TRUE,1e-05,252.31,2023-05-12 10:19:09,0,0,0,NA,184.4,179.8,"SPX230616P04395000"
"257",257,"SPX230616C04400000",4.8,5.1,1988,0,0,0,2023-05-18 15:59:51,4.3,0.117997406539917,FALSE,4400,TRUE,1e-05,207.45,2023-05-18 11:01:40,0,0,0,10,188.6,184.7,"SPX230616P04400000"
"258",258,"SPXW230616C04405000",4.7,4.9,14,0,0,0,2023-05-18 15:42:22,3.8,0.118996847229004,FALSE,4405,NA,NA,NA,NA,NA,NA,NA,NA,NA,NA,NA
"259",259,"SPX230616C04410000",4.2,4.4,50,0,0,0,2023-05-18 15:59:56,3.6,0.118111846313477,FALSE,4410,TRUE,0.733713905563354,344.11,2023-02-17 11:09:46,0,0,1,2,488.3,452.5,"SPX230616P04410000"
"260",260,"SPXW230616C04415000",4.1,4.3,65,0,0,0,2023-05-17 15:52:55,2,0.119553787460327,FALSE,4415,NA,NA,NA,NA,NA,NA,NA,NA,NA,NA,NA
"261",261,"SPX230616C04420000",3.6,3.9,24,0,0,0,2023-05-18 15:59:51,3.1,0.118996847229004,FALSE,4420,TRUE,1e-05,287.87,2023-04-25 09:52:00,0,0,0,1,207.6,203.3,"SPXW230616P04420000"
"262",262,"SPX230616C04425000",3.3,3.6,7,0,0.5,16.666666,2023-05-19 04:34:52,3.5,0.118935812683105,FALSE,4425,TRUE,1e-05,239.63,2023-05-18 14:43:04,0,0,0,150,212.5,207.9,"SPX230616P04425000"
"263",263,"SPX230616C04430000",3.1,3.3,17,0,0,0,2023-05-18 15:59:56,2.7,0.118722191772461,FALSE,4430,TRUE,0.206383058319092,389.2,2023-03-29 15:01:29,0,0,15,NA,256,228.8,"SPX230616P04430000"
"264",264,"SPX230616C04440000",2.7,2.85,7,0,0,0,2023-05-18 15:59:51,2.35,0.119027364501953,FALSE,4440,NA,NA,NA,NA,NA,NA,NA,NA,NA,NA,NA
"265",265,"SPXW230616C04450000",2.5,2.65,64,0,0,0,2023-05-18 15:52:41,2.35,0.1211025390625,FALSE,4450,TRUE,1e-05,305.63,2023-05-16 12:42:02,0,0,0,1,236,231.9,"SPX230616P04450000"
"266",266,"SPX230616C04460000",2.05,2.2,12,0,0,0,2023-05-18 15:59:56,1.75,0.120537969512939,FALSE,4460,TRUE,1e-05,391.02,2023-05-04 12:04:06,0,0,0,NA,246.8,240.3,"SPX230616P04460000"
"267",267,"SPXW230616C04470000",1.9,2.05,9,0,0,0,2023-05-18 15:59:48,1.66,0.122582626800537,FALSE,4470,TRUE,1e-05,334.06,2023-05-16 10:27:32,0,0,0,10,255.3,250.8,"SPXW230616P04470000"
"268",268,"SPXW230616C04475000",1.8,1.9,3,0,0,0,2023-05-18 16:04:17,1.55,0.122704695892334,FALSE,4475,TRUE,1e-05,336.73,2023-05-15 13:43:40,0,0,0,10,260.4,255.9,"SPXW230616P04475000"
"269",269,"SPXW230616C04480000",1.65,1.8,1,0,0,0,2023-05-18 15:51:42,1.57,0.123299782714844,FALSE,4480,TRUE,1e-05,343.94,2023-05-16 10:27:32,0,0,0,10,265.5,261.1,"SPXW230616P04480000"
"270",270,"SPXW230616C04490000",1.45,1.6,145,0,0,0,2023-05-18 10:32:17,1.15,0.124276335449219,FALSE,4490,TRUE,1e-05,304.58,2023-05-18 10:23:22,0,0,0,3,274.9,270.3,"SPXW230616P04490000"
"271",271,"SPXW230616C04500000",1.25,1.4,9,0,0,0,2023-05-18 15:44:41,1.05,0.124947715454102,FALSE,4500,TRUE,1e-05,330.38,2023-05-18 10:03:37,0,0,0,5,284.9,280.4,"SPXW230616P04500000"
"272",272,"SPX230616C04510000",1.05,1.2,45,0,0,0,2023-05-18 15:59:51,0.9,0.125191853637695,FALSE,4510,TRUE,1e-05,383.15,2023-05-11 09:58:30,0,0,0,NA,295.1,290.5,"SPXW230616P04510000"
"273",273,"SPXW230616C04520000",1,1.1,4,0,0,0,2023-05-18 09:58:04,0.63,0.126778751831055,FALSE,4520,TRUE,1e-05,351.41,2023-05-18 09:56:30,0,0,0,4,304.6,300,"SPXW230616P04520000"
"274",274,"SPX230616C04525000",0.85,1,369,0,0,0,2023-05-18 15:59:51,0.75,0.12656513092041,FALSE,4525,TRUE,1e-05,355.08,2023-05-18 10:03:37,0,0,0,5,309.2,304.7,"SPXW230616P04525000"
"275",275,"SPXW230616C04530000",0.9,1,1,0,0,0,2023-05-18 12:09:08,0.65,0.128152029113769,FALSE,4530,TRUE,1e-05,393.36,2023-05-16 10:27:12,0,0,0,10,314.4,309.9,"SPXW230616P04530000"
"276",276,"SPXW230616C04540000",0.8,0.9,168,0,0,0,2023-05-17 15:58:16,0.5,0.12931168548584,FALSE,4540,NA,NA,NA,NA,NA,NA,NA,NA,NA,NA,NA
"277",277,"SPX230616C04550000",0.65,0.75,2283,0,0,0,2023-05-18 15:59:56,0.55,0.129098064575195,FALSE,4550,TRUE,0.201652881011963,469.38,2023-03-30 11:21:35,0,0,3,NA,360.7,356.6,"SPXW230616P04550000"
"278",278,"SPX230616C04560000",0.55,0.7,256,0,0,0,2023-05-18 16:00:04,0.45,0.13086806640625,FALSE,4560,NA,NA,NA,NA,NA,NA,NA,NA,NA,NA,NA
"279",279,"SPX230616C04570000",0.5,0.65,234,0,0,0,2023-05-18 16:00:04,0.4,0.132546516418457,FALSE,4570,NA,NA,NA,NA,NA,NA,NA,NA,NA,NA,NA
"280",280,"SPXW230616C04575000",0.5,0.65,4,0,0,0,2023-05-18 09:58:04,0.38,0.134041862792969,FALSE,4575,TRUE,1e-05,487.05,2023-05-04 13:09:43,0,0,0,312,359.8,353.1,"SPX230616P04575000"
"281",281,"SPX230616C04580000",0.45,0.55,406,0,0,0,2023-05-18 16:00:05,0.4,0.132577033691406,FALSE,4580,NA,NA,NA,NA,NA,NA,NA,NA,NA,NA,NA
"282",282,"SPXW230616C04600000",0.4,0.5,3,0,0.099999994,33.333332,2023-05-19 00:08:30,0.4,0.1367273828125,FALSE,4600,TRUE,1e-05,426.47,2023-05-17 15:58:04,0,0,0,3,383.6,379,"SPXW230616P04600000"
"283",283,"SPX230616C04620000",0.3,0.4,6,0,0,0,2023-05-18 16:00:05,0.25,0.138558419189453,FALSE,4620,TRUE,1e-05,422.25,2023-05-01 10:17:30,0,0,0,NA,404.1,397.6,"SPX230616P04620000"
"284",284,"SPX230616C04625000",0.25,0.4,208,0,0,0,2023-05-18 15:59:56,0.25,0.139962213745117,FALSE,4625,TRUE,1e-05,735.31,2023-03-10 13:52:52,0,0,0,NA,0,0,"SPXW230616P04625000"
"285",285,"SPX230616C04650000",0.2,0.35,72,0,0,0,2023-05-18 16:00:05,0.2,0.1445398046875,FALSE,4650,TRUE,1e-05,511.71,2023-05-17 09:48:34,0,0,0,2,433.2,428.7,"SPXW230616P04650000"
"286",286,"SPX230616C04675000",0.15,0.3,24,0,0,0,2023-05-18 14:37:36,0.15,0.148568084716797,FALSE,4675,TRUE,1e-05,482.51,2023-05-18 11:57:16,0,0,0,1,458.7,452,"SPX230616P04675000"
"287",287,"SPX230616C04700000",0.1,0.25,22,0,0,0,2023-05-18 15:44:52,0.15,0.152108088378906,FALSE,4700,TRUE,0.47501135345459,602.19,2023-03-06 14:01:16,0,0,6,NA,568,562.3,"SPXW230616P04700000"
"288",288,"SPXW230616C04725000",0.1,0.2,9,0,0,0,2023-05-19 00:08:30,0.15,0.154793608398438,FALSE,4725,TRUE,1e-05,568.48,2023-04-20 14:36:43,0,0,0,4,508.5,501.9,"SPX230616P04725000"
"289",289,"SPXW230616C04750000",0.1,0.2,1,0,0,0,2023-05-12 11:46:05,0.08,0.161019132080078,FALSE,4750,TRUE,1e-05,632.52,2023-05-12 13:58:38,0,0,0,3,532.8,528.2,"SPXW230616P04750000"
"290",290,"SPX230616C04775000",0.05,0.2,4,0,0,0,2023-05-18 14:37:43,0.1,0.167122586669922,FALSE,4775,TRUE,1e-05,750.54,2022-11-16 14:16:40,0,0,960,21,0,0,"SPX230616P04775000"
"291",291,"SPXW230616C04800000",0.05,0.15,50,0,0,0,2023-05-18 10:34:18,0.1,0.168465346679688,FALSE,4800,TRUE,1e-05,674.68,2023-05-02 12:46:45,0,0,0,2,582.2,577.6,"SPXW230616P04800000"
"292",292,"SPX230616C04825000",0.05,0.15,4,0,0,0,2023-05-18 14:37:43,0.1,0.174324663085938,FALSE,4825,TRUE,1e-05,678.73,2023-05-10 11:53:31,0,0,0,1,608.4,601.6,"SPX230616P04825000"
"293",293,"SPXW230616C04850000",0.05,0.15,6,0,0,0,2023-05-16 09:52:50,0.07,0.179939841308594,FALSE,4850,TRUE,1e-05,838.63,2022-07-21 13:50:11,0,0,33,32,630.1,623,"SPX230616P04850000"
"294",294,"SPXW230616C04875000",0,0.15,1,0,0,0,2023-05-16 11:55:16,0.05,0.185799157714844,FALSE,4875,TRUE,0.481290282363892,877.1,2023-03-24 14:18:46,0,0,552,70,718.8,713.3,"SPX230616P04875000"
"295",295,"SPXW230616C04900000",0,0.15,3,0,0,0,2023-05-15 10:57:42,0.05,0.1914143359375,FALSE,4900,TRUE,1e-05,761.32,2023-05-09 12:07:16,0,0,0,4,682.7,676.1,"SPX230616P04900000"
"296",296,"SPXW230616C04925000",0,0.15,2,0,0,0,2023-05-02 10:05:02,0.1,0.19727365234375,FALSE,4925,TRUE,1e-05,942.19,2022-07-26 13:35:18,0,0,0,NA,705.4,698.5,"SPX230616P04925000"
"297",297,"SPXW230616C04950000",0,0.15,5,145,0,0,2023-04-18 14:18:18,0.15,0.202888830566406,FALSE,4950,TRUE,1e-05,766.58,2023-04-19 12:59:44,0,0,0,4,732.5,725.8,"SPX230616P04950000"
"298",298,"SPX230616C04975000",0,0.1,1,0,0,0,2023-05-17 09:30:02,0.05,0.20117986328125,FALSE,4975,NA,NA,NA,NA,NA,NA,NA,NA,NA,NA,NA
"299",299,"SPX230616C05000000",0,0.1,4929,0,0,0,2023-05-18 16:03:44,0.05,0.206550903320312,FALSE,5000,TRUE,1e-05,817.94,2023-05-18 13:43:19,0,0,0,10,781.7,777.1,"SPXW230616P05000000"
"300",300,"SPXW230616C05025000",0,0.15,NA,65,0,0,2023-03-23 11:20:21,0.15,0.219490227050781,FALSE,5025,TRUE,1.1622241901207,872.12,2022-06-06 11:35:03,0,0,2,NA,1114.3,1086.8,"SPX230616P05025000"
"301",301,"SPXW230616C05050000",0,0.1,5,0,0,0,2023-04-19 10:25:08,0.1,0.217048845214844,FALSE,5050,TRUE,1e-05,912.13,2023-05-16 14:34:57,0,0,0,8,832.4,825.7,"SPX230616P05050000"
"302",302,"SPX230616C05075000",0,0.1,1,0,0,0,2023-05-17 09:30:02,0.05,0.222175747070312,FALSE,5075,NA,NA,NA,NA,NA,NA,NA,NA,NA,NA,NA
"303",303,"SPX230616C05100000",0,0.1,1,0,0,0,2023-05-17 09:30:02,0.05,0.227546787109375,FALSE,5100,TRUE,0.458638836517334,902.59,2023-04-18 09:53:00,0,0,2,NA,919.2,916.3,"SPXW230616P05100000"
"304",304,"SPX230616C05125000",0,0.1,200,0,0,0,2023-04-21 13:50:08,0.05,0.232673688964844,FALSE,5125,TRUE,1.32865097028732,1262.1,2022-06-13 20:59:37,0,0,4,3,1258.8,1241.9,"SPX230616P05125000"
"305",305,"SPX230616C05150000",0,0.1,1,0,0,0,2023-05-17 09:30:02,0.05,0.237800590820312,FALSE,5150,TRUE,1.07445225959778,1066.81,2022-05-26 10:22:36,0,0,1,1,1171.2,1149.8,"SPX230616P05150000"
"306",306,"SPX230616C05200000",0,0.1,2,0,0,0,2023-05-09 12:12:40,0.05,0.24805439453125,FALSE,5200,TRUE,1e-05,1059.58,2023-05-09 12:12:40,0,0,0,150,981.8,975.1,"SPX230616P05200000"
"307",307,"SPXW230616C05250000",0,0.1,3,0,0,0,2023-05-01 13:13:21,0.05,0.257819921875,FALSE,5250,NA,NA,NA,NA,NA,NA,NA,NA,NA,NA,NA
"308",308,"SPX230616C05300000",0,0.1,10,0,0,0,2023-05-03 15:03:12,0.05,0.268073725585937,FALSE,5300,TRUE,1e-05,1133.27,2023-04-27 16:14:24,0,0,0,5,1081.1,1074.6,"SPX230616P05300000"
"309",309,"SPX230616C05350000",0,0.05,9,0,0,0,2023-05-12 11:48:03,0.05,0.262702685546875,FALSE,5350,NA,NA,NA,NA,NA,NA,NA,NA,NA,NA,NA
"310",310,"SPXW230616C05400000",0,0.1,1,15,0,0,2023-04-06 15:16:41,0.1,0.287604780273437,FALSE,5400,TRUE,1e-05,1071.15,2022-04-22 15:58:10,0,0,67,1,0,0,"SPX230616P05400000"
"311",311,"SPX230616C05500000",0,0.05,30,0,0,0,2023-05-02 11:24:33,0.05,0.290046162109375,FALSE,5500,TRUE,0.896943169250488,1256.11,2023-02-03 11:28:57,0,0,1,2,1395.8,1384.5,"SPXW230616P05500000"
"312",312,"SPXW230616C05600000",0,0.05,1,0,0,0,2023-04-21 13:42:01,0.03,0.308112387695312,FALSE,5600,TRUE,1.17298921197891,1667.55,2022-12-19 13:11:34,0,0,3,1,1578.3,1561.9,"SPX230616P05600000"
"313",313,"SPX230616C05700000",0,0.05,79,0,0,0,2023-05-16 16:02:42,0.03,0.325202060546875,FALSE,5700,TRUE,1e-05,1087.99,2021-12-08 09:48:46,0,0,2,2,1096,1088.7,"SPX230616P05700000"
"314",314,"SPX230616C05800000",0,0.05,60,0,0,0,2023-04-21 11:20:50,0.05,0.342780009765625,FALSE,5800,TRUE,1e-05,1700,2023-04-26 13:49:09,0,0,0,3,1578.4,1573.8,"SPXW230616P05800000"
"315",315,"SPX230616C05900000",0,0.05,792,0,0,0,2023-04-21 13:20:45,0.05,0.35938140625,FALSE,5900,TRUE,1e-05,1751.25,2023-05-11 12:07:20,0,0,0,2,1678.8,1672.1,"SPX230616P05900000"
"316",316,"SPXW230616C06000000",0,0.05,1,61,0,0,2023-03-20 10:29:53,0.05,0.37500625,FALSE,6000,TRUE,1e-05,1816.67,2023-05-18 10:14:02,0,0,0,8,1777.2,1772.6,"SPX230616P06000000"
"317",317,"SPXW230616C06200000",0,0.15,93,96,0,0,2023-02-17 10:46:24,0.05,0.4414118359375,FALSE,6200,TRUE,1e-05,1979.64,2023-05-18 16:06:18,0,0,0,2,1977.6,1970.9,"SPX230616P06200000"
"318",318,"SPX230616C06400000",0,0.05,3,0,0,0,2023-05-04 13:38:16,0.05,0.436529072265625,FALSE,6400,TRUE,1e-05,2193.21,2023-05-18 11:08:21,0,0,0,2,2176.2,2171.6,"SPXW230616P06400000"
"319",319,"SPX230616C06600000",0,0,60,0,0,0,2023-02-10 14:52:48,0.05,0.2500075,FALSE,6600,TRUE,1e-05,2452.75,2023-05-16 11:21:03,0,0,0,2,2375,2370.4,"SPXW230616P06600000"
"320",320,"SPX230616C06800000",0,0,2,0,0,0,2023-02-10 14:46:41,0.05,0.2500075,FALSE,6800,TRUE,1e-05,2649.03,2023-05-09 10:24:20,0,0,0,2,2574.9,2568.1,"SPX230616P06800000"
"321",321,"SPX230616C07000000",0,0.05,1080,0,0,0,2023-05-10 13:09:28,0.03,0.52148916015625,FALSE,7000,TRUE,1e-05,2803.56,2023-05-18 13:34:57,0,0,0,2,2774.4,2767.7,"SPX230616P07000000"
"322",322,"SPX230616C07200000",0,0.1,13,814,0,0,2023-04-03 14:35:47,0.05,0.54687953125,FALSE,7200,TRUE,1e-05,3042.92,2023-05-15 13:38:06,0,0,0,1,2973.3,2966.7,"SPX230616P07200000"
"323",323,"SPX230616C07400000",0,0.1,250,1339,0,0,2023-03-16 12:23:50,0.03,0.57226990234375,FALSE,7400,TRUE,1e-05,3201.8,2023-04-28 12:02:05,0,0,0,3,3171.8,3167.1,"SPXW230616P07400000"
"324",324,NA,NA,NA,NA,NA,NA,NA,NA,NA,NA,NA,7500,TRUE,1e-05,3312.2,2023-05-17 15:54:38,0,0,0,6,3272.4,3265.6,"SPX230616P07500000"
