"index","Date","Open","High","Low","Close","Adj.Close","Volume"
1,"2020-06-23",26159.390625,26314.970703,26105.970703,26156.099609,26156.099609,389980000
2,"2020-06-24",25992.960938,25992.960938,25296.730469,25445.939453,25445.939453,450120000
3,"2020-06-25",25365.220703,25769.609375,25209.789063,25745.599609,25745.599609,384560000
4,"2020-06-26",25641.689453,25641.689453,24971.029297,25015.550781,25015.550781,640860000
5,"2020-06-29",25152.449219,25601.150391,25096.160156,25595.800781,25595.800781,378070000
6,"2020-06-30",25512.429688,25905.380859,25475.140625,25812.880859,25812.880859,410780000
7,"2020-07-01",25879.380859,26019.310547,25713.609375,25734.970703,25734.970703,373180000
8,"2020-07-02",25936.449219,26204.410156,25778.119141,25827.359375,25827.359375,349130000
9,"2020-07-06",25996.080078,26297.529297,25996.080078,26287.029297,26287.029297,340690000
10,"2020-07-07",26172.009766,26174.929688,25866.580078,25890.179688,25890.179688,346820000
11,"2020-07-08",25950.060547,26109.490234,25816.25,26067.279297,26067.279297,337300000
12,"2020-07-09",26094.919922,26103.279297,25523.509766,25706.089844,25706.089844,387610000
13,"2020-07-10",25690.349609,26101.320313,25637.5,26075.300781,26075.300781,338170000
14,"2020-07-13",26225.070313,26639.089844,26044.230469,26085.800781,26085.800781,425320000
15,"2020-07-14",26044.169922,26690.519531,25994.980469,26642.589844,26642.589844,401640000
16,"2020-07-15",27009.810547,27071.330078,26692.480469,26870.099609,26870.099609,384900000
17,"2020-07-16",26746.570313,26879.160156,26590.009766,26734.710938,26734.710938,287330000
18,"2020-07-17",26774.619141,26808.429688,26619.880859,26671.949219,26671.949219,296460000
19,"2020-07-20",26660.289063,26765.019531,26504.199219,26680.869141,26680.869141,309390000
20,"2020-07-21",26833.140625,27025.380859,26766.220703,26840.400391,26840.400391,364930000
21,"2020-07-22",26824.560547,27035.240234,26794.189453,27005.839844,27005.839844,404340000
22,"2020-07-23",26955.970703,26973.849609,26560.039063,26652.330078,26652.330078,419800000
23,"2020-07-24",26533.410156,26625.699219,26402.859375,26469.890625,26469.890625,494170000
24,"2020-07-27",26447.669922,26625.460938,26426.919922,26584.769531,26584.769531,400930000
25,"2020-07-28",26529.449219,26556.839844,26361.710938,26379.279297,26379.279297,361090000
26,"2020-07-29",26388.439453,26602.449219,26375.390625,26539.570313,26539.570313,347580000
27,"2020-07-30",26367.419922,26374.929688,25992.279297,26313.650391,26313.650391,351540000
28,"2020-07-31",26409.330078,26440.019531,26013.589844,26428.320313,26428.320313,488050000
29,"2020-08-03",26542.320313,26707.259766,26534.380859,26664.400391,26664.400391,439380000
30,"2020-08-04",26664.609375,26832.720703,26597.820313,26828.470703,26828.470703,346350000
31,"2020-08-05",26924.779297,27221.669922,26924.779297,27201.519531,27201.519531,366000000
32,"2020-08-06",27170.820313,27394.099609,27145.25,27386.980469,27386.980469,322460000
33,"2020-08-07",27321.679688,27456.240234,27223.550781,27433.480469,27433.480469,321170000
34,"2020-08-10",27488.210938,27803.859375,27488.210938,27791.439453,27791.439453,360340000
35,"2020-08-11",27961.640625,28154.880859,27624.509766,27686.910156,27686.910156,428220000
36,"2020-08-12",27860.240234,28043.890625,27843.320313,27976.839844,27976.839844,340210000
37,"2020-08-13",27922.509766,27986.099609,27789.779297,27896.720703,27896.720703,360160000
38,"2020-08-14",27828.929688,27977.810547,27759.390625,27931.019531,27931.019531,275540000
39,"2020-08-17",27970.050781,27999.810547,27816.400391,27844.910156,27844.910156,286860000
40,"2020-08-18",27853.480469,27891.119141,27668.789063,27778.070313,27778.070313,276170000
41,"2020-08-19",27811.259766,27920.419922,27647.669922,27692.880859,27692.880859,311460000
42,"2020-08-20",27622.679688,27781.460938,27526.25,27739.730469,27739.730469,304550000
43,"2020-08-21",27758.130859,27959.480469,27686.779297,27930.330078,27930.330078,372720000
44,"2020-08-24",28077.580078,28314.939453,28041.75,28308.460938,28308.460938,383880000
45,"2020-08-25",28347.419922,28400.740234,28094.570313,28248.439453,28248.439453,338420000
46,"2020-08-26",28257.880859,28353.800781,28153.910156,28331.919922,28331.919922,327070000
47,"2020-08-27",28384.070313,28634.220703,28363.929688,28492.269531,28492.269531,404340000
48,"2020-08-28",28601.289063,28733.349609,28487.980469,28653.869141,28653.869141,369740000
49,"2020-08-31",28643.660156,28643.660156,28363.550781,28430.050781,28430.050781,517320000
50,"2020-09-01",28439.609375,28659.259766,28290.720703,28645.660156,28645.660156,423410000
51,"2020-09-02",28736.789063,29162.880859,28713.529297,29100.5,29100.5,539510000
52,"2020-09-03",29090.699219,29199.349609,28074.759766,28292.730469,28292.730469,650080000
53,"2020-09-04",28341.050781,28539.75,27664.679688,28133.310547,28133.310547,694640000
54,"2020-09-08",27925.230469,27925.230469,27464.900391,27500.890625,27500.890625,580860000
55,"2020-09-09",27711.710938,28206.210938,27704.539063,27940.470703,27940.470703,460590000
56,"2020-09-10",28022.509766,28174.779297,27447.080078,27534.580078,27534.580078,442850000
57,"2020-09-11",27613.859375,27828.820313,27448.150391,27665.640625,27665.640625,435330000
58,"2020-09-14",27718.740234,28086.060547,27718.740234,27993.330078,27993.330078,380750000
59,"2020-09-15",28139.759766,28231.060547,27931.449219,27995.599609,27995.599609,414520000
60,"2020-09-16",28031.689453,28364.769531,28021.669922,28032.380859,28032.380859,416650000
61,"2020-09-17",27834.179688,28056.789063,27647.929688,27901.980469,27901.980469,437230000
62,"2020-09-18",27864.869141,27946.689453,27487.970703,27657.419922,27657.419922,698710000
63,"2020-09-21",27484.710938,27484.710938,26715.150391,27147.699219,27147.699219,523660000
64,"2020-09-22",27170.339844,27333.089844,26989.929688,27288.179688,27288.179688,420720000
65,"2020-09-23",27413.599609,27464.460938,26716.119141,26763.130859,26763.130859,459470000
66,"2020-09-24",26716.089844,27094.849609,26537.009766,26815.439453,26815.439453,447810000
67,"2020-09-25",26694.509766,27239.289063,26635.380859,27173.960938,27173.960938,388900000
68,"2020-09-28",27362.140625,27722.599609,27362.140625,27584.060547,27584.060547,401860000
69,"2020-09-29",27560.240234,27605.599609,27338.089844,27452.660156,27452.660156,303820000
70,"2020-09-30",27514.640625,28026.330078,27511.060547,27781.699219,27781.699219,452550000
71,"2020-10-01",27940.630859,28041.460938,27669.259766,27816.900391,27816.900391,373450000
72,"2020-10-02",27536.390625,27861.429688,27382.939453,27682.810547,27682.810547,392770000
73,"2020-10-05",27825.419922,28162.640625,27825.419922,28148.640625,28148.640625,318210000
74,"2020-10-06",28214.240234,28354.480469,27728.029297,27772.759766,27772.759766,435030000
75,"2020-10-07",27971.359375,28369.660156,27971.359375,28303.460938,28303.460938,328750000
76,"2020-10-08",28348.859375,28459.130859,28265.560547,28425.509766,28425.509766,314750000
77,"2020-10-09",28533.609375,28676.289063,28440.630859,28586.900391,28586.900391,324050000
78,"2020-10-12",28671.119141,28957.900391,28659.669922,28837.519531,28837.519531,493680000
79,"2020-10-13",28764.949219,28808.839844,28604.349609,28679.810547,28679.810547,526110000
80,"2020-10-14",28731.300781,28792.560547,28461.730469,28514,28514,370800000
81,"2020-10-15",28323.400391,28535.849609,28181.539063,28494.199219,28494.199219,328940000
82,"2020-10-16",28570.720703,28842.900391,28570.720703,28606.310547,28606.310547,356140000
83,"2020-10-19",28633.550781,28711.929688,28139.400391,28195.419922,28195.419922,358700000
84,"2020-10-20",28245.849609,28575.029297,28243.039063,28308.789063,28308.789063,350220000
85,"2020-10-21",28270.660156,28450.640625,28196.390625,28210.820313,28210.820313,299420000
86,"2020-10-22",28197.419922,28421.310547,28040.179688,28363.660156,28363.660156,330320000
87,"2020-10-23",28409.650391,28436.519531,28149.820313,28335.570313,28335.570313,347300000
88,"2020-10-26",28185.820313,28185.820313,27370.160156,27685.380859,27685.380859,404150000
89,"2020-10-27",27651.179688,27707.689453,27457.960938,27463.189453,27463.189453,366400000
90,"2020-10-28",27102.140625,27102.140625,26497.390625,26519.949219,26519.949219,496150000
91,"2020-10-29",26480.980469,26891.890625,26290.779297,26659.109375,26659.109375,419770000
92,"2020-10-30",26572.269531,26639.179688,26143.769531,26501.599609,26501.599609,504820000
93,"2020-11-02",26691.279297,27043.480469,26691.279297,26925.050781,26925.050781,379990000
94,"2020-11-03",27138.689453,27640.210938,27138.689453,27480.029297,27480.029297,350980000
95,"2020-11-04",27512.830078,28301.5,27512.830078,27847.660156,27847.660156,447860000
96,"2020-11-05",28083.369141,28495.050781,28083.369141,28390.179688,28390.179688,390140000
97,"2020-11-06",28399.130859,28431.960938,28189.5,28323.400391,28323.400391,326710000
98,"2020-11-09",29467.900391,29933.830078,29130.660156,29157.970703,29157.970703,673310000
99,"2020-11-10",29254.169922,29478.859375,29126.990234,29420.919922,29420.919922,526980000
100,"2020-11-11",29524.349609,29593.109375,29281.220703,29397.630859,29397.630859,376700000
101,"2020-11-12",29231.910156,29311.830078,28902.130859,29080.169922,29080.169922,369320000
102,"2020-11-13",29203.900391,29559.25,29203.900391,29479.810547,29479.810547,348810000
103,"2020-11-16",29672.359375,29964.289063,29672.359375,29950.439453,29950.439453,418290000
104,"2020-11-17",29800.150391,29872.419922,29520.289063,29783.349609,29783.349609,372380000
105,"2020-11-18",29875.400391,29930.849609,29432.839844,29438.419922,29438.419922,382850000
106,"2020-11-19",29370.919922,29524.900391,29228.380859,29483.230469,29483.230469,331330000
107,"2020-11-20",29437.570313,29469.890625,29231.199219,29263.480469,29263.480469,305350000
108,"2020-11-23",29332.820313,29667.75,29332.820313,29591.269531,29591.269531,387200000
109,"2020-11-24",29746.109375,30116.509766,29746.109375,30046.240234,30046.240234,432760000
110,"2020-11-25",30058.869141,30058.869141,29806.25,29872.470703,29872.470703,323030000
111,"2020-11-27",29911.330078,30015.130859,29819.980469,29910.369141,29910.369141,177040000
112,"2020-11-30",29854.509766,29854.509766,29463.640625,29638.640625,29638.640625,551350000
113,"2020-12-01",29797.5,30083.310547,29797.5,29823.919922,29823.919922,429510000
114,"2020-12-02",29695.089844,29902.509766,29599.289063,29883.789063,29883.789063,385280000
115,"2020-12-03",29920.830078,30110.880859,29877.269531,29969.519531,29969.519531,405680000
116,"2020-12-04",29989.560547,30218.259766,29989.560547,30218.259766,30218.259766,356590000
117,"2020-12-07",30233.029297,30233.029297,29967.220703,30069.789063,30069.789063,365810000
118,"2020-12-08",29997.949219,30246.220703,29972.070313,30173.880859,30173.880859,311190000
119,"2020-12-09",30229.810547,30319.699219,29951.849609,30068.810547,30068.810547,380520000
120,"2020-12-10",30032.550781,30063.869141,29876.820313,29999.259766,29999.259766,325550000
121,"2020-12-11",29988.210938,30071.130859,29820.839844,30046.369141,30046.369141,393870000
122,"2020-12-14",30123.910156,30325.789063,29849.150391,29861.550781,29861.550781,371980000
123,"2020-12-15",29919.089844,30243.259766,29894.949219,30199.310547,30199.310547,417770000
124,"2020-12-16",30191.380859,30236.029297,30080.109375,30154.539063,30154.539063,344590000
125,"2020-12-17",30216,30323.779297,30216,30303.369141,30303.369141,345530000
126,"2020-12-18",30314.259766,30343.589844,30029.439453,30179.050781,30179.050781,782070000
127,"2020-12-21",30159,30304.140625,29755.529297,30216.449219,30216.449219,437480000
128,"2020-12-22",30200.199219,30200.199219,29992.890625,30015.509766,30015.509766,388810000
129,"2020-12-23",30046.730469,30292.529297,30046.730469,30129.830078,30129.830078,274050000
130,"2020-12-24",30155.919922,30209.669922,30099.300781,30199.869141,30199.869141,145570000
131,"2020-12-28",30283.230469,30525.560547,30283.230469,30403.970703,30403.970703,302490000
132,"2020-12-29",30492.070313,30588.789063,30274.240234,30335.669922,30335.669922,357610000
133,"2020-12-30",30415.089844,30525.349609,30393.039063,30409.560547,30409.560547,291890000
134,"2020-12-31",30417.640625,30637.470703,30344.5,30606.480469,30606.480469,284470000
135,"2021-01-04",30627.470703,30674.279297,29881.820313,30223.890625,30223.890625,475080000
136,"2021-01-05",30204.25,30504.890625,30141.779297,30391.599609,30391.599609,350910000
137,"2021-01-06",30362.779297,31022.650391,30313.070313,30829.400391,30829.400391,500430000
138,"2021-01-07",30901.179688,31193.400391,30897.859375,31041.130859,31041.130859,427810000
139,"2021-01-08",31069.580078,31140.669922,30793.269531,31097.970703,31097.970703,381150000
140,"2021-01-11",31015.369141,31096.980469,30832.060547,31008.689453,31008.689453,356540000
141,"2021-01-12",31015.009766,31114.560547,30888.759766,31068.689453,31068.689453,362620000
142,"2021-01-13",31084.880859,31153.369141,30992.050781,31060.470703,31060.470703,413250000
143,"2021-01-14",31085.669922,31223.779297,30982.240234,30991.519531,30991.519531,427810000
144,"2021-01-15",30926.769531,30941.980469,30612.669922,30814.259766,30814.259766,433000000
145,"2021-01-19",30887.419922,31086.619141,30865.029297,30930.519531,30930.519531,386400000
146,"2021-01-20",31017.539063,31235.980469,30997.789063,31188.380859,31188.380859,384980000
147,"2021-01-21",31198.009766,31272.220703,31120.919922,31176.009766,31176.009766,418780000
148,"2021-01-22",31141.560547,31141.560547,30908.470703,30996.980469,30996.980469,436040000
149,"2021-01-25",30989.849609,30989.849609,30564.060547,30960,30960,472890000
150,"2021-01-26",30968.550781,31121.419922,30921.710938,30937.039063,30937.039063,373150000
151,"2021-01-27",30893.779297,30893.779297,30206.910156,30303.169922,30303.169922,566470000
152,"2021-01-28",30377.189453,30951.410156,30377.189453,30603.359375,30603.359375,465140000
153,"2021-01-29",30553.910156,30553.910156,29856.300781,29982.619141,29982.619141,536320000
154,"2021-02-01",30054.730469,30335.910156,30014.970703,30211.910156,30211.910156,347060000
155,"2021-02-02",30276.880859,30840.539063,30276.880859,30687.480469,30687.480469,333160000
156,"2021-02-03",30689.650391,30793.410156,30521.310547,30723.599609,30723.599609,305590000
157,"2021-02-04",30737.779297,31065.960938,30737.779297,31055.859375,31055.859375,338330000
158,"2021-02-05",31093.810547,31252.179688,31083.220703,31148.240234,31148.240234,293550000
159,"2021-02-08",31191.199219,31386.099609,31191.199219,31385.759766,31385.759766,322250000
160,"2021-02-09",31359.880859,31439.470703,31245.859375,31375.830078,31375.830078,308210000
161,"2021-02-10",31428.019531,31511.439453,31221.320313,31437.800781,31437.800781,326450000
162,"2021-02-11",31466.490234,31543.820313,31244.359375,31430.699219,31430.699219,280320000
163,"2021-02-12",31420.800781,31475.310547,31347.800781,31458.400391,31458.400391,263090000
164,"2021-02-16",31472.080078,31608.630859,31443.480469,31522.75,31522.75,329210000
165,"2021-02-17",31485.609375,31643.699219,31338.759766,31613.019531,31613.019531,343510000
166,"2021-02-18",31558.599609,31558.599609,31285.320313,31493.339844,31493.339844,325990000
167,"2021-02-19",31504.130859,31647.529297,31469.339844,31494.320313,31494.320313,353070000
168,"2021-02-22",31381.119141,31653.480469,31286.570313,31521.689453,31521.689453,387210000
169,"2021-02-23",31501.890625,31653.380859,31158.759766,31537.349609,31537.349609,460410000
170,"2021-02-24",31499.75,32009.640625,31421.289063,31961.859375,31961.859375,410150000
171,"2021-02-25",31955.939453,31984.769531,31293.320313,31402.009766,31402.009766,454110000
172,"2021-02-26",31401.289063,31450.890625,30911.369141,30932.369141,30932.369141,532250000
173,"2021-03-01",31065.900391,31668.339844,31065.900391,31535.509766,31535.509766,385670000
174,"2021-03-02",31535.369141,31623.269531,31377.160156,31391.519531,31391.519531,337270000
175,"2021-03-03",31352.960938,31563.310547,31260.140625,31270.089844,31270.089844,409660000
176,"2021-03-04",31289.009766,31461.970703,30547.529297,30924.140625,30924.140625,537850000
177,"2021-03-05",31029.179688,31580.330078,30766.810547,31496.300781,31496.300781,501810000
178,"2021-03-08",31512.150391,32148.039063,31512.150391,31802.439453,31802.439453,496980000
179,"2021-03-09",31892.349609,32150.320313,31822.640625,31832.740234,31832.740234,458690000
180,"2021-03-10",31906.960938,32389.5,31906.960938,32297.019531,32297.019531,409110000
181,"2021-03-11",32354.5,32661.589844,32345.699219,32485.589844,32485.589844,400020000
182,"2021-03-12",32462.400391,32793.320313,32462.400391,32778.640625,32778.640625,346400000
183,"2021-03-15",32798.839844,32973.398438,32629.75,32953.460938,32953.460938,360080000
184,"2021-03-16",32966.75,32966.75,32778.230469,32825.949219,32825.949219,386370000
185,"2021-03-17",32825.519531,33047.578125,32782.179688,33015.371094,33015.371094,391200000
186,"2021-03-18",32928.160156,33227.78125,32831.25,32862.300781,32862.300781,418480000
187,"2021-03-19",32858.359375,32858.359375,32505.070313,32627.970703,32627.970703,811890000
188,"2021-03-22",32601.820313,32810.351563,32512.529297,32731.199219,32731.199219,383500000
189,"2021-03-23",32691.5,32753.769531,32356.279297,32423.150391,32423.150391,385840000
190,"2021-03-24",32470.880859,32787.988281,32418.150391,32420.060547,32420.060547,399390000
191,"2021-03-25",32346.810547,32672.689453,32071.410156,32619.480469,32619.480469,411990000
192,"2021-03-26",32681.070313,33098.828125,32681.070313,33072.878906,33072.878906,382170000
193,"2021-03-29",33087.550781,33259,32905.128906,33171.371094,33171.371094,351610000
194,"2021-03-30",33127.878906,33170.929688,32988.921875,33066.960938,33066.960938,307510000
195,"2021-03-31",33116.039063,33173.769531,32980.570313,32981.550781,32981.550781,414140000
196,"2021-04-01",33054.578125,33167.171875,32985.351563,33153.210938,33153.210938,311880000
197,"2021-04-05",33222.378906,33617.949219,33222.378906,33527.191406,33527.191406,344270000
198,"2021-04-06",33500.019531,33544.789063,33380.429688,33430.238281,33430.238281,297940000
199,"2021-04-07",33444.980469,33521.761719,33347.960938,33446.261719,33446.261719,273440000
200,"2021-04-08",33469.890625,33506.800781,33342.640625,33503.570313,33503.570313,304040000
201,"2021-04-09",33526.191406,33810.871094,33526.191406,33800.601563,33800.601563,316410000
202,"2021-04-12",33775.058594,33786.191406,33665.539063,33745.398438,33745.398438,327370000
203,"2021-04-13",33721.160156,33741.640625,33545.839844,33677.269531,33677.269531,324480000
204,"2021-04-14",33668.949219,33911.25,33668.949219,33730.890625,33730.890625,315330000
205,"2021-04-15",33788.53125,34068.730469,33788.53125,34035.988281,34035.988281,319680000
206,"2021-04-16",34058.160156,34256.75,34058.160156,34200.671875,34200.671875,343760000
207,"2021-04-19",34182.378906,34182.378906,33980.558594,34077.628906,34077.628906,312540000
208,"2021-04-20",34034.179688,34034.179688,33687.011719,33821.300781,33821.300781,350960000
209,"2021-04-21",33808.300781,34160.339844,33773.800781,34137.308594,34137.308594,290300000
210,"2021-04-22",34109.878906,34126.570313,33717.191406,33815.898438,33815.898438,344470000
211,"2021-04-23",33804.519531,34157.570313,33713.289063,34043.488281,34043.488281,346380000
212,"2021-04-26",34044.230469,34148.941406,33941.371094,33981.570313,33981.570313,279300000
213,"2021-04-27",33932.128906,34043.980469,33870.460938,33984.929688,33984.929688,289030000
214,"2021-04-28",33860.460938,33946.601563,33805.558594,33820.378906,33820.378906,335820000
215,"2021-04-29",33855.640625,34087.210938,33744.28125,34060.359375,34060.359375,408450000
216,"2021-04-30",33988.75,33988.75,33784.960938,33874.851563,33874.851563,374890000
217,"2021-05-03",33904.890625,34221.058594,33904.890625,34113.230469,34113.230469,289770000
218,"2021-05-04",34080.199219,34147.78125,33765.679688,34133.03125,34133.03125,407860000
219,"2021-05-05",34163.988281,34331.199219,34039.660156,34230.339844,34230.339844,253180000
220,"2021-05-06",34245.109375,34561.289063,34185.058594,34548.53125,34548.53125,315430000
221,"2021-05-07",34578.269531,34811.390625,34464.308594,34777.761719,34777.761719,303400000
222,"2021-05-10",34785.269531,35091.558594,34741.570313,34742.820313,34742.820313,361620000
223,"2021-05-11",34572.738281,34572.738281,34075.308594,34269.160156,34269.160156,413180000
224,"2021-05-12",34206.398438,34207.871094,33555.21875,33587.660156,33587.660156,381350000
225,"2021-05-13",33624.738281,34181.769531,33623.488281,34021.449219,34021.449219,350820000
226,"2021-05-14",34050.859375,34454.050781,34050.859375,34382.128906,34382.128906,303230000
227,"2021-05-17",34375.289063,34383.839844,34176.648438,34327.789063,34327.789063,291910000
228,"2021-05-18",34351.179688,34408.988281,34044.101563,34060.660156,34060.660156,289590000
229,"2021-05-19",33945.808594,33945.808594,33473.800781,33896.039063,33896.039063,348480000
230,"2021-05-20",33906.300781,34233.398438,33872.410156,34084.148438,34084.148438,320150000
231,"2021-05-21",34121.910156,34415.480469,34121.910156,34207.839844,34207.839844,306360000
232,"2021-05-24",34253.871094,34472.511719,34253.871094,34393.980469,34393.980469,251010000
233,"2021-05-25",34428.660156,34511.351563,34266.03125,34312.460938,34312.460938,285760000
234,"2021-05-26",34336.339844,34409.589844,34271.441406,34323.050781,34323.050781,258780000
235,"2021-05-27",34432.46875,34608.820313,34389.238281,34464.640625,34464.640625,520630000
236,"2021-05-28",34558.5,34631.109375,34520.089844,34529.449219,34529.449219,290850000
237,"2021-06-01",34584.191406,34849.320313,34542.871094,34575.308594,34575.308594,287700000
238,"2021-06-02",34614.621094,34706.648438,34545.960938,34600.378906,34600.378906,263810000
239,"2021-06-03",34550.308594,34667.410156,34334.410156,34577.039063,34577.039063,297380000
240,"2021-06-04",34618.691406,34772.121094,34618.691406,34756.390625,34756.390625,270050000
241,"2021-06-07",34766.199219,34820.910156,34574.511719,34630.238281,34630.238281,259120000
242,"2021-06-08",34645.839844,34665.378906,34452.941406,34599.820313,34599.820313,289440000
243,"2021-06-09",34626.160156,34654.671875,34439.371094,34447.140625,34447.140625,245100000
244,"2021-06-10",34502.511719,34737.789063,34447.25,34466.238281,34466.238281,309310000
245,"2021-06-11",34499.808594,34618.089844,34328.648438,34479.601563,34479.601563,260840000
246,"2021-06-14",34472.519531,34472.519531,34211.539063,34393.75,34393.75,295530000
247,"2021-06-15",34397.101563,34420.378906,34199.160156,34299.328125,34299.328125,272430000
248,"2021-06-16",34308.480469,34333.25,33917.109375,34033.671875,34033.671875,347150000
249,"2021-06-17",34014.378906,34091.789063,33626.609375,33823.449219,33823.449219,354690000
250,"2021-06-18",33622.699219,33622.699219,33271.929688,33290.078125,33290.078125,563920000
251,"2021-06-21",33312.070313,33908.089844,33312.070313,33876.96875,33876.96875,317260000
252,"2021-06-22",33872.558594,34040.699219,33751.058594,33945.578125,33945.578125,284130000
253,"2021-06-23",33948.539063,34009.398438,33869.828125,33874.238281,33874.238281,255280000
254,"2021-06-24",33933.910156,34233.019531,33933.910156,34196.820313,34196.820313,275870000
255,"2021-06-25",34328.101563,34501.019531,34314.800781,34433.839844,34433.839844,432550000
256,"2021-06-28",34428.101563,34449.648438,34186.128906,34283.269531,34283.269531,280280000
257,"2021-06-29",34338.890625,34469.828125,34266.828125,34292.289063,34292.289063,282360000
258,"2021-06-30",34290.738281,34553.160156,34245.480469,34502.511719,34502.511719,295560000
259,"2021-07-01",34507.320313,34640.28125,34498.851563,34633.53125,34633.53125,268280000
260,"2021-07-02",34642.421875,34821.929688,34613.488281,34786.351563,34786.351563,301860000
261,"2021-07-06",34790.160156,34814.199219,34358.421875,34577.371094,34577.371094,348430000
262,"2021-07-07",34604.171875,34708.78125,34435.589844,34681.789063,34681.789063,302700000
263,"2021-07-08",34569.011719,34569.011719,34145.589844,34421.929688,34421.929688,335690000
264,"2021-07-09",34457.511719,34893.71875,34457.511719,34870.160156,34870.160156,301750000
265,"2021-07-12",34836.75,35014.898438,34730.148438,34996.179688,34996.179688,294800000
266,"2021-07-13",34959.960938,35018.789063,34876.890625,34888.789063,34888.789063,322430000
267,"2021-07-14",34920.828125,35069.179688,34826.871094,34933.230469,34933.230469,344340000
268,"2021-07-15",34924.808594,34990.410156,34762.871094,34987.019531,34987.019531,320450000
269,"2021-07-16",35007.941406,35090.011719,34647.820313,34687.851563,34687.851563,322980000
270,"2021-07-19",34528.480469,34528.480469,33741.761719,33962.039063,33962.039063,440440000
271,"2021-07-20",33981.789063,34621.789063,33981.789063,34511.988281,34511.988281,387020000
272,"2021-07-21",34556.960938,34820.238281,34556.960938,34798,34798,317090000
273,"2021-07-22",34799.679688,34879.28125,34673.03125,34823.351563,34823.351563,291610000
274,"2021-07-23",34855.109375,35095.328125,34855.109375,35061.550781,35061.550781,314040000
275,"2021-07-26",35055.859375,35150.371094,34950.191406,35144.308594,35144.308594,259790000
276,"2021-07-27",35078.898438,35078.898438,34878.070313,35058.519531,35058.519531,326610000
277,"2021-07-28",35109.949219,35116.371094,34876.839844,34930.929688,34930.929688,347170000
278,"2021-07-29",34985.988281,35171.519531,34985.988281,35084.53125,35084.53125,222680000
279,"2021-07-30",35013.261719,35106.300781,34871.128906,34935.46875,34935.46875,276410000
280,"2021-08-02",34968.558594,35192.109375,34808.199219,34838.160156,34838.160156,238620000
281,"2021-08-03",34864.101563,35120.941406,34714.328125,35116.398438,35116.398438,259820000
282,"2021-08-04",35047.441406,35047.441406,34790.621094,34792.671875,34792.671875,245300000
283,"2021-08-05",34815.609375,35067.539063,34815.609375,35064.25,35064.25,216580000
284,"2021-08-06",35077.441406,35246.789063,35077.441406,35208.511719,35208.511719,231570000
285,"2021-08-09",35229.671875,35229.671875,35041.238281,35101.851563,35101.851563,207850000
286,"2021-08-10",35135.171875,35285.160156,35091.910156,35264.671875,35264.671875,255040000
287,"2021-08-11",35300.890625,35501.160156,35300.890625,35484.96875,35484.96875,232800000
288,"2021-08-12",35481.941406,35510.769531,35352.53125,35499.851563,35499.851563,231600000
289,"2021-08-13",35551.558594,35610.570313,35474.78125,35515.378906,35515.378906,236790000
290,"2021-08-16",35490.828125,35631.191406,35231.871094,35625.398438,35625.398438,292590000
291,"2021-08-17",35500.011719,35500.011719,35120.308594,35343.28125,35343.28125,309410000
292,"2021-08-18",35310.199219,35356.800781,34943.410156,34960.691406,34960.691406,289800000
293,"2021-08-19",34874.671875,34997.808594,34690.25,34894.121094,34894.121094,333550000
294,"2021-08-20",34917.960938,35177.261719,34867.070313,35120.078125,35120.078125,269320000
295,"2021-08-23",35160.96875,35428.910156,35160.96875,35335.710938,35335.710938,245760000
296,"2021-08-24",35382.71875,35445.46875,35356.179688,35366.261719,35366.261719,228710000
297,"2021-08-25",35388.769531,35501.140625,35287.628906,35405.5,35405.5,237230000
298,"2021-08-26",35449.679688,35498.449219,35205.101563,35213.121094,35213.121094,239740000
299,"2021-08-27",35231.109375,35479.179688,35231.109375,35455.800781,35455.800781,240990000
300,"2021-08-30",35471.800781,35510.710938,35374.460938,35399.839844,35399.839844,245390000
301,"2021-08-31",35391.378906,35449.789063,35289.859375,35360.730469,35360.730469,337240000
302,"2021-09-01",35387.550781,35407.371094,35287.050781,35312.53125,35312.53125,265520000
303,"2021-09-02",35353.058594,35475.398438,35348.480469,35443.820313,35443.820313,263370000
304,"2021-09-03",35401.730469,35422.710938,35269.398438,35369.089844,35369.089844,221370000
305,"2021-09-07",35373.238281,35373.238281,35060.898438,35100,35100,289830000
306,"2021-09-08",35087.449219,35175.148438,34925.609375,35031.070313,35031.070313,261880000
307,"2021-09-09",35013.078125,35199.890625,34847.300781,34879.378906,34879.378906,261330000
308,"2021-09-10",34949.589844,35104.25,34599.609375,34607.71875,34607.71875,333230000
309,"2021-09-13",34665.5,34939.101563,34665.5,34869.628906,34869.628906,334190000
310,"2021-09-14",34906.898438,34990.359375,34510.300781,34577.570313,34577.570313,325140000
311,"2021-09-15",34580.949219,34880.769531,34522.03125,34814.390625,34814.390625,317490000
312,"2021-09-16",34810.269531,34943.550781,34540.109375,34751.320313,34751.320313,278270000
313,"2021-09-17",34737.859375,34779.859375,34519.628906,34584.878906,34584.878906,560630000
314,"2021-09-20",34459.71875,34459.71875,33613.03125,33970.46875,33970.46875,435780000
315,"2021-09-21",34025.609375,34313.878906,33914.019531,33919.839844,33919.839844,306970000
316,"2021-09-22",34006.871094,34440.421875,34006.871094,34258.320313,34258.320313,296590000
317,"2021-09-23",34296.300781,34879.78125,34296.300781,34764.820313,34764.820313,283890000
318,"2021-09-24",34762.308594,34857.058594,34648.078125,34798,34798,254310000
319,"2021-09-27",34739.269531,35061.121094,34739.269531,34869.371094,34869.371094,289480000
320,"2021-09-28",34747.699219,34798.210938,34254.648438,34299.988281,34299.988281,379020000
321,"2021-09-29",34360.078125,34580.421875,34305.960938,34390.71875,34390.71875,290350000
322,"2021-09-30",34467.980469,34557.371094,33833.320313,33843.921875,33843.921875,354830000
323,"2021-10-01",33930.699219,34490.558594,33785.539063,34326.460938,34326.460938,427580000
324,"2021-10-04",34312.960938,34410.28125,33821.578125,34002.921875,34002.921875,396860000
325,"2021-10-05",34035.25,34490.949219,34035.25,34314.671875,34314.671875,311520000
326,"2021-10-06",34198.960938,34432.679688,33854.691406,34416.988281,34416.988281,322170000
327,"2021-10-07",34509.71875,34975.191406,34509.71875,34754.941406,34754.941406,273290000
328,"2021-10-08",34757.570313,34842.621094,34661.949219,34746.25,34746.25,238080000
329,"2021-10-11",34723.789063,34951.351563,34486.511719,34496.058594,34496.058594,256820000
330,"2021-10-12",34507.148438,34611.238281,34318.941406,34378.339844,34378.339844,319010000
331,"2021-10-13",34372.710938,34449.828125,34115.101563,34377.808594,34377.808594,316220000
332,"2021-10-14",34443.21875,34923.828125,34443.21875,34912.558594,34912.558594,338540000
333,"2021-10-15",35023.628906,35320.96875,35023.628906,35294.761719,35294.761719,327870000
334,"2021-10-18",35221.019531,35327.570313,35035.941406,35258.609375,35258.609375,312640000
335,"2021-10-19",35325.371094,35462.679688,35290.121094,35457.308594,35457.308594,278510000
336,"2021-10-20",35475.160156,35669.691406,35465.710938,35609.339844,35609.339844,265750000
337,"2021-10-21",35520.320313,35612.359375,35442.53125,35603.078125,35603.078125,298390000
338,"2021-10-22",35607.71875,35765.019531,35533.949219,35677.019531,35677.019531,346290000
339,"2021-10-25",35692.621094,35787.039063,35629.371094,35741.148438,35741.148438,267220000
340,"2021-10-26",35791.050781,35892.921875,35734.730469,35756.878906,35756.878906,321910000
341,"2021-10-27",35835.429688,35835.429688,35490.429688,35490.691406,35490.691406,354180000
342,"2021-10-28",35545.410156,35742.25,35545.410156,35730.480469,35730.480469,337400000
343,"2021-10-29",35712.28125,35852.53125,35633.199219,35819.558594,35819.558594,399400000
344,"2021-11-01",35833.648438,36009.738281,35797.96875,35913.839844,35913.839844,292880000
345,"2021-11-02",35935.109375,36088.808594,35884.128906,36052.628906,36052.628906,304510000
346,"2021-11-03",36059.089844,36178.511719,35891.730469,36157.578125,36157.578125,262540000
347,"2021-11-04",36107.460938,36168.03125,35986.480469,36124.230469,36124.230469,307640000
348,"2021-11-05",36268.75,36484.75,36190.199219,36327.949219,36327.949219,344600000
349,"2021-11-08",36416.460938,36565.730469,36334.421875,36432.21875,36432.21875,284400000
350,"2021-11-09",36404.53125,36416.980469,36173.070313,36319.980469,36319.980469,258020000
351,"2021-11-10",36299.25,36346.609375,36009.5,36079.941406,36079.941406,278390000
352,"2021-11-11",36038.78125,36108.171875,35915.269531,35921.230469,35921.230469,270320000
353,"2021-11-12",35963.78125,36147.628906,35934.589844,36100.308594,36100.308594,293180000
354,"2021-11-15",36128.828125,36236.070313,36031.78125,36087.449219,36087.449219,280660000
355,"2021-11-16",36076.179688,36316.609375,36076.179688,36142.21875,36142.21875,308290000
356,"2021-11-17",36159.699219,36159.699219,35909.480469,35931.050781,35931.050781,358310000
357,"2021-11-18",35901.691406,35952.628906,35654.390625,35870.949219,35870.949219,435080000
358,"2021-11-19",35879.089844,35879.089844,35555.371094,35601.980469,35601.980469,408840000
359,"2021-11-22",35631.410156,35929.660156,35615.550781,35619.25,35619.25,420810000
360,"2021-11-23",35619.921875,35841.519531,35542.871094,35813.800781,35813.800781,392520000
361,"2021-11-24",35752.308594,35825.46875,35591.03125,35804.378906,35804.378906,280960000
362,"2021-11-26",35366.691406,35366.691406,34749.800781,34899.339844,34899.339844,324580000
363,"2021-11-29",35017.710938,35287.910156,34895.890625,35135.941406,35135.941406,416040000
364,"2021-11-30",35056.988281,35056.988281,34424.441406,34483.71875,34483.71875,678800000
365,"2021-12-01",34678.941406,35004.640625,34006.980469,34022.039063,34022.039063,496000000
366,"2021-12-02",34076.25,34759.648438,34076.25,34639.789063,34639.789063,466900000
367,"2021-12-03",34692.78125,34801.308594,34264.570313,34580.078125,34580.078125,439550000
368,"2021-12-06",34633.429688,35356.75,34633.429688,35227.03125,35227.03125,416720000
369,"2021-12-07",35423.988281,35819.46875,35423.988281,35719.429688,35719.429688,474940000
370,"2021-12-08",35716.851563,35840.519531,35602.648438,35754.75,35754.75,387650000
371,"2021-12-09",35722.261719,35864.238281,35577.140625,35754.691406,35754.691406,353020000
372,"2021-12-10",35830.550781,35982.691406,35710.429688,35970.988281,35970.988281,361200000
373,"2021-12-13",35958.929688,35958.929688,35609.53125,35650.949219,35650.949219,441110000
374,"2021-12-14",35605.730469,35779.46875,35441.738281,35544.179688,35544.179688,440900000
375,"2021-12-15",35549.351563,35943.839844,35389.300781,35927.429688,35927.429688,424720000
376,"2021-12-16",36036.28125,36189.828125,35778.210938,35897.640625,35897.640625,473620000
377,"2021-12-17",35800.109375,35800.109375,35284.261719,35365.441406,35365.441406,750480000
378,"2021-12-20",35222.121094,35222.121094,34665.5,34932.160156,34932.160156,386590000
379,"2021-12-21",35069.5,35508.960938,35069.5,35492.699219,35492.699219,346080000
380,"2021-12-22",35491.710938,35764.671875,35433.128906,35753.890625,35753.890625,281930000
381,"2021-12-23",35782.421875,36060.988281,35782.421875,35950.558594,35950.558594,247420000
382,"2021-12-27",35954.480469,36306.609375,35954.480469,36302.378906,36302.378906,244350000
383,"2021-12-28",36302.988281,36527.261719,36302.988281,36398.210938,36398.210938,239090000
384,"2021-12-29",36421.140625,36571.550781,36396.191406,36488.628906,36488.628906,213480000
385,"2021-12-30",36522.480469,36679.441406,36372.128906,36398.078125,36398.078125,205620000
386,"2021-12-31",36385.851563,36484.941406,36303.96875,36338.300781,36338.300781,213200000
387,"2022-01-03",36321.589844,36595.820313,36246.449219,36585.058594,36585.058594,347930000
388,"2022-01-04",36636,36934.839844,36636,36799.648438,36799.648438,435080000
389,"2022-01-05",36722.601563,36952.648438,36400.390625,36407.109375,36407.109375,462040000
390,"2022-01-06",36409.050781,36464.191406,36200.679688,36236.46875,36236.46875,385890000
391,"2022-01-07",36249.589844,36382.839844,36111.53125,36231.660156,36231.660156,356110000
392,"2022-01-10",36175.210938,36175.210938,35639.910156,36068.871094,36068.871094,430680000
393,"2022-01-11",36058.851563,36271.46875,35769.378906,36252.019531,36252.019531,356850000
394,"2022-01-12",36336.160156,36453.488281,36168.148438,36290.320313,36290.320313,310180000
395,"2022-01-13",36312.488281,36513.878906,36044.21875,36113.621094,36113.621094,343640000
396,"2022-01-14",35996.429688,35996.429688,35641.488281,35911.808594,35911.808594,389200000
397,"2022-01-18",35661.761719,35661.761719,35262.019531,35368.46875,35368.46875,427260000
398,"2022-01-19",35412.300781,35547.828125,35015.488281,35028.648438,35028.648438,393080000
399,"2022-01-20",35102.660156,35490.199219,34670.121094,34715.390625,34715.390625,369070000
400,"2022-01-21",34701.691406,34896.671875,34229.550781,34265.371094,34265.371094,523880000
401,"2022-01-24",34070.609375,34420.988281,33150.328125,34364.5,34364.5,664010000
402,"2022-01-25",34186.640625,34591.039063,33545.519531,34297.730469,34297.730469,506430000
403,"2022-01-26",34520.820313,34815.671875,33876.480469,34168.089844,34168.089844,546330000
404,"2022-01-27",34261.75,34773.320313,34007.78125,34160.78125,34160.78125,527780000
405,"2022-01-28",34135.238281,34731.769531,33807.511719,34725.46875,34725.46875,568440000
406,"2022-01-31",34691.171875,35148.140625,34496.101563,35131.859375,35131.859375,468070000
407,"2022-02-01",35151.46875,35441.089844,34977.949219,35405.238281,35405.238281,386080000
408,"2022-02-02",35378.191406,35679.199219,35290.121094,35629.328125,35629.328125,359540000
409,"2022-02-03",35520.078125,35535.941406,35071.058594,35111.160156,35111.160156,381020000
410,"2022-02-04",35095.738281,35333.550781,34799.078125,35089.738281,35089.738281,349880000
411,"2022-02-07",35108.378906,35325.011719,34993.980469,35091.128906,35091.128906,328910000
412,"2022-02-08",35160.679688,35544.890625,35090.421875,35462.78125,35462.78125,319190000
413,"2022-02-09",35614.898438,35824.28125,35614.898438,35768.058594,35768.058594,333610000
414,"2022-02-10",35630.808594,35800.238281,35100.71875,35241.589844,35241.589844,411620000
415,"2022-02-11",35267.890625,35431.148438,34620.519531,34738.058594,34738.058594,398860000
416,"2022-02-14",34694.5,34744.558594,34304.28125,34566.171875,34566.171875,370320000
417,"2022-02-15",34686.191406,35047.789063,34686.191406,34988.839844,34988.839844,305670000
418,"2022-02-16",34951.828125,35042.089844,34642.640625,34934.269531,34934.269531,294410000
419,"2022-02-17",34858.46875,34858.46875,34246.230469,34312.03125,34312.03125,348720000
420,"2022-02-18",34310.449219,34423.578125,33976.179688,34079.179688,34079.179688,414080000
421,"2022-02-22",33974.089844,34024.738281,33364.289063,33596.609375,33596.609375,432090000
422,"2022-02-23",33680.96875,33832.589844,33084.898438,33131.761719,33131.761719,370600000
423,"2022-02-24",32830.328125,33269.339844,32272.640625,33223.828125,33223.828125,590850000
424,"2022-02-25",33277.21875,34095.738281,33277.21875,34058.75,34058.75,417630000
425,"2022-02-28",33870.621094,33963.628906,33469.308594,33892.601563,33892.601563,443460000
426,"2022-03-01",33813.480469,33870.140625,33107.671875,33294.949219,33294.949219,438730000
427,"2022-03-02",33379.511719,34013.671875,33379.511719,33891.351563,33891.351563,400920000
428,"2022-03-03",33972.871094,34179.070313,33641.53125,33794.660156,33794.660156,369740000
429,"2022-03-04",33655.429688,33655.429688,33254.121094,33614.800781,33614.800781,408390000
430,"2022-03-07",33579.75,33579.75,32806.148438,32817.378906,32817.378906,488400000
431,"2022-03-08",32885.171875,33402.980469,32578.730469,32632.640625,32632.640625,553750000
432,"2022-03-09",32860.421875,33457.28125,32860.421875,33286.25,33286.25,418670000
433,"2022-03-10",33106.769531,33236.589844,32819.761719,33174.070313,33174.070313,399480000
434,"2022-03-11",33279.71875,33515.609375,32911.890625,32944.191406,32944.191406,369480000
435,"2022-03-14",33000.371094,33395.589844,32818.160156,32945.238281,32945.238281,394940000
436,"2022-03-15",32989.269531,33620.839844,32989.269531,33544.339844,33544.339844,388810000
437,"2022-03-16",33653.929688,34075.941406,33391.238281,34063.101563,34063.101563,427400000
438,"2022-03-17",33995.390625,34483.921875,33896.058594,34480.761719,34480.761719,339470000
439,"2022-03-18",34466.71875,34755.199219,34279.828125,34754.929688,34754.929688,615420000
440,"2022-03-21",34669.851563,34808.28125,34341.808594,34552.988281,34552.988281,408490000
441,"2022-03-22",34583.238281,34882.03125,34583.238281,34807.460938,34807.460938,368550000
442,"2022-03-23",34748.839844,34748.839844,34352.960938,34358.5,34358.5,347880000
443,"2022-03-24",34406.808594,34713.558594,34355.421875,34707.941406,34707.941406,324870000
444,"2022-03-25",34702.390625,34942.699219,34631.519531,34861.238281,34861.238281,285440000
445,"2022-03-28",34833.03125,34957.929688,34552.230469,34955.890625,34955.890625,299790000
446,"2022-03-29",35114.351563,35372.261719,35030.070313,35294.191406,35294.191406,355050000
447,"2022-03-30",35273.628906,35361.359375,35058.578125,35228.808594,35228.808594,317320000
448,"2022-03-31",35201.519531,35201.519531,34677.988281,34678.351563,34678.351563,433400000
449,"2022-04-01",34740.890625,34847.910156,34538.25,34818.269531,34818.269531,340400000
450,"2022-04-04",34799.980469,34940.78125,34615.378906,34921.878906,34921.878906,316570000
451,"2022-04-05",34876.328125,35112.210938,34566.039063,34641.179688,34641.179688,304010000
452,"2022-04-06",34520.339844,34609.839844,34277.171875,34496.511719,34496.511719,386250000
453,"2022-04-07",34439.238281,34705.828125,34190.949219,34583.570313,34583.570313,319870000
454,"2022-04-08",34569.238281,34908.460938,34470.191406,34721.121094,34721.121094,301750000
455,"2022-04-11",34630.269531,34701.339844,34272.289063,34308.078125,34308.078125,333290000
456,"2022-04-12",34412.511719,34669.96875,34102.808594,34220.359375,34220.359375,333510000
457,"2022-04-13",34166.640625,34598.359375,34140.640625,34564.589844,34564.589844,313630000
458,"2022-04-14",34628.460938,34889.171875,34437.5,34451.230469,34451.230469,353680000
459,"2022-04-18",34411.488281,34618.289063,34279.078125,34411.691406,34411.691406,264110000
460,"2022-04-19",34394.621094,34983.109375,34394.621094,34911.199219,34911.199219,296350000
461,"2022-04-20",34962.671875,35315.398438,34962.671875,35160.789063,35160.789063,337620000
462,"2022-04-21",35258.800781,35492.21875,34723.820313,34792.761719,34792.761719,366390000
463,"2022-04-22",34727.378906,34727.378906,33773.390625,33811.398438,33811.398438,373280000
464,"2022-04-25",33731.648438,34106.011719,33323.371094,34049.460938,34049.460938,416900000
465,"2022-04-26",33907.488281,33909.511719,33230.949219,33240.179688,33240.179688,400020000
466,"2022-04-27",33450.921875,33697.179688,33108.890625,33301.929688,33301.929688,447230000
467,"2022-04-28",33425.960938,34054.789063,33248.460938,33916.390625,33916.390625,440380000
468,"2022-04-29",33787.011719,33919.589844,32913.148438,32977.210938,32977.210938,501560000
469,"2022-05-02",32978.488281,33224.949219,32449.869141,33061.5,33061.5,453390000
470,"2022-05-03",33086.089844,33341.578125,32914.75,33128.789063,33128.789063,364420000
471,"2022-05-04",33171.800781,34117.738281,33021.839844,34061.058594,34061.058594,411060000
472,"2022-05-05",33854.171875,33854.171875,32685.099609,32997.96875,32997.96875,448420000
473,"2022-05-06",32773.878906,33055.839844,32474.689453,32899.371094,32899.371094,416520000
474,"2022-05-09",32685.169922,32685.169922,32121.980469,32245.699219,32245.699219,470770000
475,"2022-05-10",32504.089844,32752.169922,31887.890625,32160.740234,32160.740234,439290000
476,"2022-05-11",32123.240234,32584.019531,31798.859375,31834.109375,31834.109375,458460000
477,"2022-05-12",31699.039063,31914.460938,31228.220703,31730.300781,31730.300781,544240000
478,"2022-05-13",31963.859375,32276.050781,31862.789063,32196.660156,32196.660156,388520000
479,"2022-05-16",32152.150391,32514.019531,31928.179688,32223.419922,32223.419922,330030000
480,"2022-05-17",32427,32689.140625,32308.150391,32654.589844,32654.589844,389310000
481,"2022-05-18",32468.669922,32468.669922,31393.949219,31490.070313,31490.070313,465060000
482,"2022-05-19",31262.619141,31569.130859,31016.410156,31253.130859,31253.130859,517190000
483,"2022-05-20",31426.939453,31515.779297,30635.759766,31261.900391,31261.900391,495510000
484,"2022-05-23",31395.890625,31968.419922,31395.890625,31880.240234,31880.240234,402010000
485,"2022-05-24",31717.609375,32014.859375,31365.589844,31928.619141,31928.619141,382950000
486,"2022-05-25",31816.310547,32254.439453,31754.330078,32120.279297,32120.279297,343460000
487,"2022-05-26",32248.169922,32774.140625,32248.169922,32637.189453,32637.189453,351220000
488,"2022-05-27",32735.089844,33213.621094,32682.009766,33212.960938,33212.960938,328770000
489,"2022-05-31",33160.589844,33240.21875,32752.339844,32990.121094,32990.121094,533560000
490,"2022-06-01",33156.308594,33272.339844,32584.759766,32813.230469,32813.230469,338210000
491,"2022-06-02",32809.011719,33248.609375,32509.429688,33248.28125,33248.28125,333210000
492,"2022-06-03",32986.320313,33135.609375,32839.210938,32899.699219,32899.699219,298570000
493,"2022-06-06",33032.039063,33235.371094,32819.5,32915.78125,32915.78125,253010000
494,"2022-06-07",32783.03125,33207.449219,32641.849609,33180.140625,33180.140625,270750000
495,"2022-06-08",33087.070313,33156.5,32824.371094,32910.898438,32910.898438,270470000
496,"2022-06-09",32828.621094,32956.730469,32267.779297,32272.789063,32272.789063,289710000
497,"2022-06-10",32053.519531,32053.519531,31387.839844,31392.789063,31392.789063,362300000
498,"2022-06-13",31144.910156,31144.910156,30373.720703,30516.740234,30516.740234,472290000
499,"2022-06-14",30592.339844,30690.800781,30144.230469,30364.830078,30364.830078,366800000
500,"2022-06-15",30570.5,31011.970703,30185.080078,30668.529297,30668.529297,392670000
501,"2022-06-16",30305.740234,30305.740234,29740.349609,29927.070313,29927.070313,442910000
502,"2022-06-17",29912.699219,30167.519531,29653.289063,29888.779297,29888.779297,692830000
503,"2022-06-21",30074.689453,30653.980469,30074.689453,30530.25,30530.25,376900000
504,"2022-06-22",30352.570313,30777.919922,30166.009766,30483.130859,30483.130859,343490000
505,"2022-06-23",30570.330078,30715.630859,30293.400391,30677.359375,30677.359375,361420000
506,"2022-06-24",30846.939453,31517.289063,30846.939453,31500.679688,31500.679688,465480000
507,"2022-06-27",31533.599609,31598.589844,31351.369141,31438.259766,31438.259766,309910000
508,"2022-06-28",31549.050781,31885.089844,30934.330078,30946.990234,30946.990234,350780000
509,"2022-06-29",31067.410156,31152.960938,30894.529297,31029.310547,31029.310547,269390000
510,"2022-06-30",30790,30979.849609,30431.869141,30775.429688,30775.429688,394070000
511,"2022-07-01",30737.769531,31139.349609,30487.789063,31097.259766,31097.259766,310440000
512,"2022-07-05",30903.119141,30971.740234,30355.119141,30967.820313,30967.820313,323080000
513,"2022-07-06",30957.300781,31224.689453,30794.839844,31037.679688,31037.679688,289800000
514,"2022-07-07",31190.650391,31421.839844,31154.640625,31384.550781,31384.550781,296620000
515,"2022-07-08",31348.429688,31511.460938,31212.449219,31338.150391,31338.150391,238120000
516,"2022-07-11",31277.980469,31367.550781,31114.400391,31173.839844,31173.839844,245020000
517,"2022-07-12",31113.310547,31346.099609,30860.509766,30981.330078,30981.330078,324190000
518,"2022-07-13",30743.630859,30979.169922,30514.609375,30772.789063,30772.789063,291830000
519,"2022-07-14",30451.800781,30680.119141,30143.929688,30630.169922,30630.169922,325130000
520,"2022-07-15",30775.369141,31288.259766,30775.369141,31288.259766,31288.259766,321570000
521,"2022-07-18",31475.980469,31644.679688,30982.970703,31072.609375,31072.609375,309960000
522,"2022-07-19",31165.910156,31842.25,31165.910156,31827.050781,31827.050781,378720000
523,"2022-07-20",31829.990234,31944.449219,31646.949219,31874.839844,31874.839844,313520000
524,"2022-07-21",31826.490234,32040.630859,31534.080078,32036.900391,32036.900391,302320000
525,"2022-07-22",32167.919922,32219.25,31731.470703,31899.289063,31899.289063,319880000
526,"2022-07-25",31950.929688,32029.029297,31821.669922,31990.039063,31990.039063,255450000
527,"2022-07-26",31950.039063,31950.039063,31705.359375,31761.539063,31761.539063,324930000
528,"2022-07-27",31865.050781,32336.230469,31799.429688,32197.589844,32197.589844,365480000
529,"2022-07-28",32197.619141,32609.539063,31982.609375,32529.630859,32529.630859,331110000
530,"2022-07-29",32515.619141,32910.179688,32493.019531,32845.128906,32845.128906,487360000
531,"2022-08-01",32755.710938,32972.03125,32640.789063,32798.398438,32798.398438,321180000
532,"2022-08-02",32691.289063,32772.929688,32387.119141,32396.169922,32396.169922,316740000
533,"2022-08-03",32514.210938,32912.738281,32514.210938,32812.5,32812.5,342160000
534,"2022-08-04",32805.691406,32829.21875,32652.630859,32726.820313,32726.820313,315590000
535,"2022-08-05",32593.900391,32814.609375,32489.619141,32803.46875,32803.46875,273010000
536,"2022-08-08",32877.359375,33109.960938,32769.101563,32832.539063,32832.539063,275350000
537,"2022-08-09",32807.359375,32877.53125,32702.660156,32774.410156,32774.410156,281080000
538,"2022-08-10",33130.628906,33364.410156,33130.628906,33309.511719,33309.511719,311740000
539,"2022-08-11",33451.511719,33651.800781,33289.828125,33336.671875,33336.671875,308030000
540,"2022-08-12",33430.71875,33767.089844,33398.320313,33761.050781,33761.050781,299140000
541,"2022-08-15",33710.699219,33954.710938,33582.960938,33912.441406,33912.441406,262670000
542,"2022-08-16",33924.351563,34281.359375,33852.570313,34152.011719,34152.011719,288670000
543,"2022-08-17",34029.550781,34161.011719,33828.410156,33980.320313,33980.320313,281390000
544,"2022-08-18",33981.859375,34043.828125,33844.460938,33999.039063,33999.039063,282550000
545,"2022-08-19",33904.691406,33904.691406,33627.089844,33706.738281,33706.738281,293990000
546,"2022-08-22",33586.589844,33586.589844,33007.628906,33063.609375,33063.609375,308900000
547,"2022-08-23",33033.519531,33138.261719,32858.890625,32909.589844,32909.589844,251870000
548,"2022-08-24",32899.011719,33095.5,32828.558594,32969.230469,32969.230469,256900000
549,"2022-08-25",33029.269531,33306.089844,32889.851563,33291.78125,33291.78125,308530000
550,"2022-08-26",33293.429688,33364.699219,32278.220703,32283.400391,32283.400391,352850000
551,"2022-08-29",32188,32325.160156,31972.789063,32098.990234,32098.990234,317820000
552,"2022-08-30",32163.839844,32205.660156,31647.220703,31790.869141,31790.869141,317150000
553,"2022-08-31",31827.150391,31966.039063,31509.589844,31510.429688,31510.429688,392780000
554,"2022-09-01",31454.580078,31677.509766,31219.75,31656.419922,31656.419922,339360000
555,"2022-09-02",31848.5,32026.900391,31182.089844,31318.439453,31318.439453,306180000
556,"2022-09-06",31343.789063,31463.890625,31048.460938,31145.300781,31145.300781,347320000
557,"2022-09-07",31145.630859,31644.339844,31095.210938,31581.279297,31581.279297,345080000
558,"2022-09-08",31481.949219,31783.369141,31321.5,31774.519531,31774.519531,344340000
559,"2022-09-09",31876.220703,32227.740234,31876.220703,32151.710938,32151.710938,310980000
560,"2022-09-12",32159.490234,32504.039063,32159.490234,32381.339844,32381.339844,339250000
561,"2022-09-13",32006.5,32006.5,31018.539063,31104.970703,31104.970703,428930000
562,"2022-09-14",31141.019531,31276.820313,30885.019531,31135.089844,31135.089844,348670000
563,"2022-09-15",31124.679688,31277.689453,30882.080078,30961.820313,30961.820313,345500000
564,"2022-09-16",30866.609375,30866.609375,30550.080078,30822.419922,30822.419922,627920000
565,"2022-09-19",30722.859375,31026.890625,30559.369141,31019.679688,31019.679688,291200000
566,"2022-09-20",30888.529297,30888.529297,30465.910156,30706.230469,30706.230469,317970000
567,"2022-09-21",30819.390625,31020.789063,30181.990234,30183.779297,30183.779297,354960000
568,"2022-09-22",30204.519531,30302.279297,29994.529297,30076.679688,30076.679688,335270000
569,"2022-09-23",29955.650391,29955.650391,29250.470703,29590.410156,29590.410156,388200000
570,"2022-09-26",29536.839844,29630.769531,29161.119141,29260.810547,29260.810547,369450000
571,"2022-09-27",29419.880859,29659.119141,28958.220703,29134.990234,29134.990234,355460000
572,"2022-09-28",29198.919922,29811.779297,29114.970703,29683.740234,29683.740234,436040000
573,"2022-09-29",29513.730469,29513.730469,28997.339844,29225.609375,29225.609375,388820000
574,"2022-09-30",29123.029297,29355.779297,28715.849609,28725.509766,28725.509766,464260000
575,"2022-10-03",28855.25,29647.789063,28855.25,29490.890625,29490.890625,397830000
576,"2022-10-04",29826.669922,30325.050781,29826.669922,30316.320313,30316.320313,375640000
577,"2022-10-05",30078.359375,30454.460938,29886.439453,30273.869141,30273.869141,290610000
578,"2022-10-06",30206.130859,30329.609375,29859.339844,29926.939453,29926.939453,306840000
579,"2022-10-07",29685.269531,29685.269531,29142.660156,29296.789063,29296.789063,367950000
580,"2022-10-10",29419.089844,29485.820313,29010.410156,29202.880859,29202.880859,315410000
581,"2022-10-11",29085.199219,29608.419922,29074.230469,29239.189453,29239.189453,352920000
582,"2022-10-12",29233.060547,29455.119141,29136.029297,29210.849609,29210.849609,304420000
583,"2022-10-13",28755.830078,30168.539063,28660.939453,30038.720703,30038.720703,470260000
584,"2022-10-14",30192.210938,30428.820313,29614.300781,29634.830078,29634.830078,379090000
585,"2022-10-17",30059.580078,30311.949219,29997.619141,30185.820313,30185.820313,369820000
586,"2022-10-18",30697.519531,30837.900391,30301.830078,30523.800781,30523.800781,387130000
587,"2022-10-19",30439.039063,30662.109375,30226.900391,30423.810547,30423.810547,314030000
588,"2022-10-20",30411.919922,30822.960938,30265.199219,30333.589844,30333.589844,333190000
589,"2022-10-21",30291.179688,31119.269531,30206.279297,31082.560547,31082.560547,418190000
590,"2022-10-24",31187.320313,31603.630859,31161.410156,31499.619141,31499.619141,345040000
591,"2022-10-25",31463.650391,31876.150391,31423.529297,31836.740234,31836.740234,336930000
592,"2022-10-26",31738.439453,32172.419922,31738.439453,31839.109375,31839.109375,430400000
593,"2022-10-27",32062.140625,32388.419922,31993.210938,32033.279297,32033.279297,375720000
594,"2022-10-28",32204.310547,32889.808594,32158.380859,32861.800781,32861.800781,495830000
595,"2022-10-31",32754.269531,32883.859375,32586.929688,32732.949219,32732.949219,390890000
596,"2022-11-01",32862.789063,32975.480469,32485.230469,32653.199219,32653.199219,323210000
597,"2022-11-02",32576.279297,33071.929688,32139.769531,32147.759766,32147.759766,398430000
598,"2022-11-03",31985.050781,32185.710938,31727.050781,32001.25,32001.25,354440000
599,"2022-11-04",32265.009766,32611.519531,31938.919922,32403.220703,32403.220703,422370000
600,"2022-11-07",32454.099609,32895.589844,32424.990234,32827,32827,336300000
601,"2022-11-08",32934.558594,33355.390625,32831.460938,33160.828125,33160.828125,335340000
602,"2022-11-09",33004.46875,33065.109375,32478.869141,32513.939453,32513.939453,355200000
603,"2022-11-10",33263.910156,33727.730469,33167.820313,33715.371094,33715.371094,480130000
604,"2022-11-11",33797.75,33817.960938,33394.429688,33747.859375,33747.859375,427790000
605,"2022-11-14",33662.050781,33964.300781,33533.960938,33536.699219,33536.699219,354340000
606,"2022-11-15",33755.941406,33987.058594,33320.199219,33592.921875,33592.921875,390610000
607,"2022-11-16",33554.929688,33682.828125,33516.988281,33553.828125,33553.828125,301560000
608,"2022-11-17",33329.269531,33616.019531,33239.75,33546.320313,33546.320313,319210000
609,"2022-11-18",33606.589844,33827.941406,33540.640625,33745.691406,33745.691406,312950000
610,"2022-11-21",33760.300781,33864.589844,33559.179688,33700.28125,33700.28125,352960000
611,"2022-11-22",33810.050781,34115.699219,33810.050781,34098.101563,34098.101563,277070000
612,"2022-11-23",34091.570313,34262.070313,34004.640625,34194.058594,34194.058594,236820000
613,"2022-11-25",34213.039063,34386.511719,34199.570313,34347.03125,34347.03125,131660000
614,"2022-11-28",34275.910156,34303.878906,33799.351563,33849.460938,33849.460938,300330000
615,"2022-11-29",33847.800781,33933.910156,33662.449219,33852.53125,33852.53125,279750000
616,"2022-11-30",33795.429688,34589.769531,33583.769531,34589.769531,34589.769531,524440000
617,"2022-12-01",34533.589844,34595.511719,34129.351563,34395.011719,34395.011719,348720000
618,"2022-12-02",34265.449219,34483.210938,34039.730469,34429.878906,34429.878906,290580000
619,"2022-12-05",34335.730469,34335.730469,33846.808594,33947.101563,33947.101563,312960000
620,"2022-12-06",33936.871094,34006.628906,33418.589844,33596.339844,33596.339844,306220000
621,"2022-12-07",33556.398438,33774.269531,33503.671875,33597.921875,33597.921875,359980000
622,"2022-12-08",33695.96875,33899.171875,33642.460938,33781.480469,33781.480469,271830000
623,"2022-12-09",33746.710938,33844.628906,33462.648438,33476.460938,33476.460938,287630000
624,"2022-12-12",33519.5,34005.039063,33519.5,34005.039063,34005.039063,313440000
625,"2022-12-13",34268.441406,34712.28125,33890.878906,34108.640625,34108.640625,442650000
626,"2022-12-14",34086.070313,34395.648438,33704.171875,33966.351563,33966.351563,339090000
627,"2022-12-15",33773,33773,33016.160156,33202.21875,33202.21875,394290000
628,"2022-12-16",33166.460938,33166.460938,32654.589844,32920.460938,32920.460938,756310000
629,"2022-12-19",32921.449219,33038.941406,32581.970703,32757.539063,32757.539063,326430000
630,"2022-12-20",32735.240234,32992.230469,32649.449219,32849.738281,32849.738281,303970000
631,"2022-12-21",33028.089844,33437.839844,33028.089844,33376.480469,33376.480469,328020000
632,"2022-12-22",33233.351563,33233.351563,32573.429688,33027.488281,33027.488281,340640000
633,"2022-12-23",32961.058594,33226.140625,32814.019531,33203.929688,33203.929688,221050000
634,"2022-12-27",33224.230469,33387.71875,33069.578125,33241.558594,33241.558594,246010000
635,"2022-12-28",33264.761719,33379.550781,32869.148438,32875.710938,32875.710938,252260000
636,"2022-12-29",33021.429688,33293.421875,33020.351563,33220.800781,33220.800781,243060000
637,"2022-12-30",33121.609375,33152.550781,32847.820313,33147.25,33147.25,295500000
638,"2023-01-03",33148.898438,33387.519531,32850.570313,33136.371094,33136.371094,355930000
639,"2023-01-04",33165.140625,33409.101563,33033.480469,33269.769531,33269.769531,379400000
640,"2023-01-05",33191.71875,33191.71875,32812.328125,32930.078125,32930.078125,337920000
641,"2023-01-06",33055.300781,33710.660156,32997.390625,33630.609375,33630.609375,360740000
642,"2023-01-09",33664.390625,33935.109375,33487.660156,33517.648438,33517.648438,327840000
643,"2023-01-10",33516.429688,33726.539063,33421.800781,33704.101563,33704.101563,268260000
644,"2023-01-11",33754.03125,33974.691406,33711.039063,33973.011719,33973.011719,301650000
645,"2023-01-12",34047.859375,34292.671875,33792.101563,34189.96875,34189.96875,308190000
646,"2023-01-13",34075.308594,34342.320313,33915.488281,34302.609375,34302.609375,274110000
647,"2023-01-17",34222.320313,34269.96875,33860.671875,33910.851563,33910.851563,353050000
648,"2023-01-18",33948.488281,34016.53125,33269.898438,33296.960938,33296.960938,351670000
649,"2023-01-19",33171.351563,33227.488281,32982.050781,33044.558594,33044.558594,319770000
650,"2023-01-20",33073.460938,33381.949219,32948.929688,33375.488281,33375.488281,367330000
651,"2023-01-23",33439.558594,33782.878906,33316.25,33629.558594,33629.558594,355220000
652,"2023-01-24",33444.71875,33782.921875,33310.558594,33733.960938,33733.960938,299310000
653,"2023-01-25",33538.359375,33773.089844,33273.210938,33743.839844,33743.839844,341720000
654,"2023-01-26",33771.660156,33953.789063,33635.601563,33949.410156,33949.410156,327000000
655,"2023-01-27",33952.929688,34164.328125,33830.851563,33978.078125,33978.078125,441260000
656,"2023-01-30",33909.210938,34055.289063,33695.179688,33717.089844,33717.089844,343920000
657,"2023-01-31",33803.558594,34095.230469,33664.910156,34086.039063,34086.039063,360240000
658,"2023-02-01",34039.601563,34334.699219,33581.421875,34092.960938,34092.960938,370120000
659,"2023-02-02",34129.300781,34145.140625,33814.78125,34053.941406,34053.941406,429910000
660,"2023-02-03",33926.300781,34179.578125,33813.859375,33926.011719,33926.011719,425150000
661,"2023-02-06",33874.441406,33962.839844,33683.578125,33891.019531,33891.019531,296400000
662,"2023-02-07",33769.78125,34240,33634.101563,34156.691406,34156.691406,361620000
663,"2023-02-08",34132.898438,34161.648438,33899.789063,33949.011719,33949.011719,324090000
664,"2023-02-09",34105.609375,34252.570313,33607.128906,33699.878906,33699.878906,347520000
665,"2023-02-10",33671.539063,33897.308594,33591.988281,33869.269531,33869.269531,288150000
666,"2023-02-13",33887.390625,34249.601563,33887.390625,34245.929688,34245.929688,302600000
667,"2023-02-14",34194.089844,34331.46875,33827.449219,34089.269531,34089.269531,288820000
668,"2023-02-15",34008.628906,34130.488281,33833.101563,34128.050781,34128.050781,267530000
669,"2023-02-16",33992.089844,34041.160156,33686.589844,33696.851563,33696.851563,317530000
670,"2023-02-17",33677.011719,33846.640625,33517.730469,33826.691406,33826.691406,302900000
671,"2023-02-21",33699.691406,33699.691406,33115.738281,33129.589844,33129.589844,348320000
672,"2023-02-22",33169.328125,33245.96875,32948.269531,33045.089844,33045.089844,321910000
673,"2023-02-23",33175.390625,33272.398438,32795.671875,33153.910156,33153.910156,288120000
674,"2023-02-24",32999.191406,32999.191406,32643.480469,32816.921875,32816.921875,277120000
675,"2023-02-27",32906.160156,33189.28125,32814.179688,32889.089844,32889.089844,243660000
676,"2023-02-28",32873.46875,32873.46875,32636.429688,32656.699219,32656.699219,303760000
677,"2023-03-01",32656.369141,32746.150391,32500.710938,32661.839844,32661.839844,292810000
678,"2023-03-02",32780.96875,33083.449219,32665.849609,33003.570313,33003.570313,317450000
679,"2023-03-03",33076.328125,33405.820313,33008.410156,33390.96875,33390.96875,300050000
680,"2023-03-06",33425.320313,33572.21875,33383.46875,33431.441406,33431.441406,329190000
681,"2023-03-07",33428.308594,33453.25,32838.210938,32856.460938,32856.460938,299400000
682,"2023-03-08",32872.078125,32903.441406,32612.699219,32798.398438,32798.398438,242750000
683,"2023-03-09",32876.828125,32990.460938,32190.599609,32254.859375,32254.859375,315860000
684,"2023-03-10",32185.140625,32422.099609,31783.410156,31909.640625,31909.640625,397790000
685,"2023-03-13",31819.929688,32240.349609,31624.869141,31819.140625,31819.140625,429090000
686,"2023-03-14",32055.289063,32306.589844,31805.400391,32155.400391,32155.400391,391760000
687,"2023-03-15",31759.869141,31906.470703,31429.820313,31874.570313,31874.570313,420910000
688,"2023-03-16",31827.650391,32281.609375,31571.460938,32246.550781,32246.550781,440940000
689,"2023-03-17",32217.320313,32217.320313,31728.699219,31861.980469,31861.980469,712100000
690,"2023-03-20",31872.330078,32280.070313,31872.330078,32244.580078,32244.580078,357210000
691,"2023-03-21",32420.710938,32593.679688,32346.119141,32560.599609,32560.599609,363190000
692,"2023-03-22",32570.189453,32761.890625,32020.460938,32030.109375,32030.109375,325990000
693,"2023-03-23",32101.490234,32511.490234,31864.740234,32105.25,32105.25,335430000
694,"2023-03-24",32038.220703,32257.240234,31805.179688,32237.529297,32237.529297,317070000
695,"2023-03-27",32276.720703,32564,32276.720703,32432.080078,32432.080078,291560000
696,"2023-03-28",32434.849609,32551.009766,32295.5,32394.25,32394.25,248560000
697,"2023-03-29",32566.539063,32728.039063,32539.939453,32717.599609,32717.599609,314110000
698,"2023-03-30",32807.429688,32905.800781,32682.869141,32859.03125,32859.03125,283380000
699,"2023-03-31",32901.960938,33291,32901.960938,33274.148438,33274.148438,353740000
700,"2023-04-03",33245.78125,33632.898438,33245.78125,33601.148438,33601.148438,311890000
701,"2023-04-04",33594.789063,33634.71875,33275.621094,33402.378906,33402.378906,283360000
702,"2023-04-05",33394.601563,33543.839844,33376.269531,33482.71875,33482.71875,286660000
703,"2023-04-06",33420.960938,33525.960938,33325.371094,33485.289063,33485.289063,258680000
704,"2023-04-10",33425.25,33590.238281,33343.429688,33586.519531,33586.519531,232920000
705,"2023-04-11",33586.75,33781.289063,33586.75,33684.789063,33684.789063,241430000
706,"2023-04-12",33764.210938,33895.429688,33593.320313,33646.5,33646.5,260300000
707,"2023-04-13",33668.96875,34054.988281,33605.171875,34029.691406,34029.691406,277230000
708,"2023-04-14",33981.710938,34082.941406,33730.851563,33886.46875,33886.46875,276720000
709,"2023-04-17",33930.460938,33991.230469,33796.910156,33987.179688,33987.179688,234530000
710,"2023-04-18",33965.160156,34018.621094,33791.890625,33976.628906,33976.628906,253570000
711,"2023-04-19",33889.828125,33957.980469,33814.648438,33897.011719,33897.011719,251490000
712,"2023-04-20",33740.601563,33875.390625,33677.738281,33786.621094,33786.621094,307910000
713,"2023-04-21",33793.601563,33858.828125,33688.570313,33808.960938,33808.960938,291080000
714,"2023-04-24",33805.039063,33891.148438,33726.089844,33875.398438,33875.398438,252020000
715,"2023-04-25",33828.339844,33875.488281,33525.390625,33530.828125,33530.828125,297880000
716,"2023-04-26",33596.339844,33645.828125,33235.851563,33301.871094,33301.871094,321170000
717,"2023-04-27",33381.660156,33859.75,33374.648438,33826.160156,33826.160156,343240000
718,"2023-04-28",33797.429688,34104.558594,33728.398438,34098.160156,34098.160156,354310000
719,"2023-05-01",34116.808594,34257.828125,34030.140625,34051.699219,34051.699219,244190000
720,"2023-05-02",34017.621094,34017.75,33436.660156,33684.53125,33684.53125,274460000
721,"2023-05-03",33726.640625,33811.839844,33396.050781,33414.238281,33414.238281,286900000
722,"2023-05-04",33347.78125,33354.859375,32937.5,33127.738281,33127.738281,305160000
723,"2023-05-05",33248.550781,33748.429688,33248.550781,33674.378906,33674.378906,316350000
724,"2023-05-08",33715.148438,33747.488281,33509.230469,33618.691406,33618.691406,225680000
725,"2023-05-09",33589.851563,33656.398438,33509.71875,33561.808594,33561.808594,232940000
726,"2023-05-10",33707.199219,33772.089844,33239.449219,33531.328125,33531.328125,271180000
727,"2023-05-11",33383.890625,33389.878906,33127.699219,33309.511719,33309.511719,298000000
728,"2023-05-12",33370.578125,33406.398438,33110.609375,33300.621094,33300.621094,227570000
729,"2023-05-15",33321.210938,33400.300781,33161.929688,33348.601563,33348.601563,224020000
730,"2023-05-16",33275.371094,33290.851563,33006.191406,33012.140625,33012.140625,246680000
731,"2023-05-17",33092.480469,33472.378906,33050.410156,33420.769531,33420.769531,307130000
732,"2023-05-18",33374.558594,33579.910156,33212.089844,33535.910156,33535.910156,333070000
733,"2023-05-19",33582.949219,33652.898438,33336.660156,33426.628906,33426.628906,315210000
734,"2023-05-22",33408.539063,33512.300781,33207.851563,33286.578125,33286.578125,268900000
735,"2023-05-23",33190.601563,33310.171875,33013.289063,33055.511719,33055.511719,291550000
736,"2023-05-24",33021.761719,33031.75,32752.439453,32799.921875,32799.921875,246180000
737,"2023-05-25",32854.261719,32870.429688,32586.560547,32764.650391,32764.650391,364670000
738,"2023-05-26",32795.5,33162.058594,32795.5,33093.339844,33093.339844,330290000
739,"2023-05-30",33103.648438,33132.699219,32893.96875,33042.78125,33042.78125,322700000
740,"2023-05-31",32948.710938,32984.828125,32739.730469,32908.269531,32908.269531,689990000
741,"2023-06-01",32929.851563,33167.75,32704.509766,33061.570313,33061.570313,349460000
742,"2023-06-02",33187.578125,33805,33187.578125,33762.761719,33762.761719,383590000
743,"2023-06-05",33771.128906,33804.21875,33552.789063,33562.859375,33562.859375,367170000
744,"2023-06-06",33547.671875,33631.25,33399.691406,33573.28125,33573.28125,294070000
745,"2023-06-07",33562.46875,33708.78125,33546.109375,33665.019531,33665.019531,347400000
746,"2023-06-08",33656.980469,33873.808594,33630.039063,33833.609375,33833.609375,269160000
747,"2023-06-09",33852.441406,33975.320313,33787.160156,33876.78125,33876.78125,262310000
748,"2023-06-12",33906.800781,34077.839844,33878.460938,34066.328125,34066.328125,308130000
749,"2023-06-13",34111.078125,34310.28125,34107.980469,34212.121094,34212.121094,308790000
750,"2023-06-14",34044.699219,34151.421875,33783.550781,33979.328125,33979.328125,354910000
751,"2023-06-15",33945.980469,34488.980469,33945.980469,34408.058594,34408.058594,361400000
752,"2023-06-16",34464.019531,34588.679688,34285.691406,34299.121094,34299.121094,595230000
753,"2023-06-20",34206.660156,34206.660156,33915.929688,34053.871094,34053.871094,334810000
754,"2023-06-21",33990.558594,34097.929688,33876.171875,33951.519531,33951.519531,323690000
755,"2023-06-22",33900.46875,34003.558594,33835.390625,33946.710938,33946.710938,275600000
