912797FY8,MARKET BASED BILL,0.0,07/18/2023,,0.000000,99.985944,100.000000
912796ZZ5,MARKET BASED BILL,0.0,07/20/2023,,0.000000,99.957917,99.972111
912797FZ5,MARKET BASED BILL,0.0,07/25/2023,,99.888444,99.887778,99.902194
912796Y29,MARKET BASED BILL,0.0,07/27/2023,,99.860556,99.859722,99.874250
912797GA9,MARKET BASED BILL,0.0,08/01/2023,,99.788750,99.787500,99.802056
912796Y37,MARKET BASED BILL,0.0,08/03/2023,,99.759875,99.758694,99.773778
912797GF8,MARKET BASED BILL,0.0,08/08/2023,,99.685583,99.685278,99.699583
912796XY0,MARKET BASED BILL,0.0,08/10/2023,,99.658000,99.656667,99.670972
912797GG6,MARKET BASED BILL,0.0,08/15/2023,,99.582319,99.579500,99.595556
912796Z36,MARKET BASED BILL,0.0,08/17/2023,,99.554375,99.553944,99.568333
912797GH4,MARKET BASED BILL,0.0,08/22/2023,,99.482500,99.481000,99.494444
912796Z44,MARKET BASED BILL,0.0,08/24/2023,,99.452694,99.451111,99.464528
912797GJ0,MARKET BASED BILL,0.0,08/29/2023,,99.380083,99.378889,99.392167
912796Z51,MARKET BASED BILL,0.0,08/31/2023,,99.353750,99.350000,99.363222
912797GR2,MARKET BASED BILL,0.0,09/05/2023,,99.275000,99.273611,99.286778
912796YH6,MARKET BASED BILL,0.0,09/07/2023,,99.249611,99.246000,99.260500
912797GS0,MARKET BASED BILL,0.0,09/12/2023,,99.172708,99.167167,99.181778
912796CQ0,MARKET BASED BILL,0.0,09/14/2023,,99.146139,99.144500,99.160611
912797GT8,MARKET BASED BILL,0.0,09/19/2023,,99.073778,99.068444,99.084750
912796CR8,MARKET BASED BILL,0.0,09/21/2023,,99.044833,99.041167,99.059306
912797GU5,MARKET BASED BILL,0.0,09/26/2023,,98.975431,98.974444,98.985000
912796CS6,MARKET BASED BILL,0.0,09/28/2023,,98.946569,98.943528,98.956000
912797GV3,MARKET BASED BILL,0.0,10/03/2023,,98.865750,98.864667,98.879222
912796YJ2,MARKET BASED BILL,0.0,10/05/2023,,98.836667,98.835556,98.847917
912797HA8,MARKET BASED BILL,0.0,10/10/2023,,98.766319,98.760417,98.777333
912797FA0,MARKET BASED BILL,0.0,10/12/2023,,98.732458,98.731250,98.745833
912797HB6,MARKET BASED BILL,0.0,10/17/2023,,98.663444,98.660889,98.675444
912797FB8,MARKET BASED BILL,0.0,10/19/2023,,98.631778,98.626556,98.641167
912797HC4,MARKET BASED BILL,0.0,10/24/2023,,98.559000,98.553500,98.568111
912797FC6,MARKET BASED BILL,0.0,10/26/2023,,98.528486,98.521472,98.538889
912797HD2,MARKET BASED BILL,0.0,10/31/2023,,98.457111,98.451222,98.471667
912796YT0,MARKET BASED BILL,0.0,11/02/2023,,98.431000,98.425000,98.439583
912797HJ9,MARKET BASED BILL,0.0,11/07/2023,,98.355222,98.352083,98.366667
912797FJ1,MARKET BASED BILL,0.0,11/09/2023,,98.326111,98.322917,98.334333
912797FK8,MARKET BASED BILL,0.0,11/16/2023,,98.224222,98.217444,98.235417
912797FL6,MARKET BASED BILL,0.0,11/24/2023,,98.113194,98.107778,98.122333
912796ZD4,MARKET BASED BILL,0.0,11/30/2023,,98.022333,98.012889,98.031250
912797FT9,MARKET BASED BILL,0.0,12/07/2023,,97.920542,97.910611,97.929167
912797FU6,MARKET BASED BILL,0.0,12/14/2023,,97.827083,97.820833,97.835361
912797FV4,MARKET BASED BILL,0.0,12/21/2023,,97.719139,97.706056,97.729333
912796ZN2,MARKET BASED BILL,0.0,12/28/2023,,97.608333,97.599222,97.618389
912797FW2,MARKET BASED BILL,0.0,01/04/2024,,97.511000,97.506250,97.520833
912797GC5,MARKET BASED BILL,0.0,01/11/2024,,97.401694,97.399222,97.418750
912796ZY8,MARKET BASED BILL,0.0,01/25/2024,,97.293333,97.258667,97.283556
912796Z28,MARKET BASED BILL,0.0,02/22/2024,,96.901667,96.858889,96.885333
912797LL9,MARKET BASED BILL,0.0,03/21/2024,,96.507333,96.486667,96.500833
912796CX5,MARKET BASED BILL,0.0,04/18/2024,,96.105333,96.074667,96.081250
912797FH5,MARKET BASED BILL,0.0,05/16/2024,,95.718667,95.710222,95.707500
912797FS1,MARKET BASED BILL,0.0,06/13/2024,,95.333556,95.315111,95.347611
912797GB7,MARKET BASED BILL,0.0,07/11/2024,,94.950000,94.940000,94.964028
91282CCN9,MARKET BASED NOTE,0.00125,07/31/2023,,0.000000,99.781250,99.812500
912828Y61,MARKET BASED NOTE,0.0275,07/31/2023,,0.000000,99.906250,99.906250
912828S92,MARKET BASED NOTE,0.0125,07/31/2023,,0.000000,99.843750,99.843750
912828VS6,MARKET BASED NOTE,0.025,08/15/2023,,0.000000,99.750000,99.750000
91282CAF8,MARKET BASED NOTE,0.00125,08/15/2023,,0.000000,99.593750,99.593750
9128284X5,MARKET BASED NOTE,0.0275,08/31/2023,,0.000000,99.687500,99.687500
9128282D1,MARKET BASED NOTE,0.01375,08/31/2023,,0.000000,99.531250,99.531250
91282CCU3,MARKET BASED NOTE,0.00125,08/31/2023,,0.000000,99.375000,99.375000
91282CAK7,MARKET BASED NOTE,0.00125,09/15/2023,,0.000000,99.156250,99.156250
912828T26,MARKET BASED NOTE,0.01375,09/30/2023,,0.000000,99.187500,99.187500
9128285D8,MARKET BASED NOTE,0.02875,09/30/2023,,0.000000,99.500000,99.500000
91282CDA6,MARKET BASED NOTE,0.0025,09/30/2023,,0.000000,98.937500,98.937500
91282CAP6,MARKET BASED NOTE,0.00125,10/15/2023,,0.000000,98.718750,98.718750
912828T91,MARKET BASED NOTE,0.01625,10/31/2023,,0.000000,98.937500,98.937500
9128285K2,MARKET BASED NOTE,0.02875,10/31/2023,,0.000000,99.281250,99.281250
91282CDD0,MARKET BASED NOTE,0.00375,10/31/2023,,0.000000,98.593750,98.593750
912828WE6,MARKET BASED NOTE,0.0275,11/15/2023,,0.000000,99.156250,99.156250
91282CAW1,MARKET BASED NOTE,0.0025,11/15/2023,,0.000000,98.343750,98.343750
912828U57,MARKET BASED NOTE,0.02125,11/30/2023,,0.000000,98.812500,98.812500
9128285P1,MARKET BASED NOTE,0.02875,11/30/2023,,0.000000,99.093750,99.093750
91282CDM0,MARKET BASED NOTE,0.005,11/30/2023,,0.000000,98.218750,98.218750
91282CBA8,MARKET BASED NOTE,0.00125,12/15/2023,,0.000000,97.906250,97.906250
912828V23,MARKET BASED NOTE,0.0225,12/31/2023,,0.000000,98.625000,98.625000
9128285U0,MARKET BASED NOTE,0.02625,12/31/2023,,0.000000,98.812500,98.812500
91282CDR9,MARKET BASED NOTE,0.0075,12/31/2023,,0.000000,97.968750,97.968750
91282CBE0,MARKET BASED NOTE,0.00125,01/15/2024,,97.531250,97.500000,97.500000
912828V80,MARKET BASED NOTE,0.0225,01/31/2024,,98.390625,98.375000,98.343750
9128285Z9,MARKET BASED NOTE,0.025,01/31/2024,,98.531250,98.500000,98.500000
91282CDV0,MARKET BASED NOTE,0.00875,01/31/2024,,97.656250,97.625000,97.625000
912828B66,MARKET BASED NOTE,0.0275,02/15/2024,,98.531250,98.500000,98.500000
91282CBM2,MARKET BASED NOTE,0.00125,02/15/2024,,97.062500,97.031250,97.031250
9128286G0,MARKET BASED NOTE,0.02375,02/29/2024,,98.187500,98.156250,98.187500
912828W48,MARKET BASED NOTE,0.02125,02/29/2024,,98.062500,98.031250,98.031250
91282CEA5,MARKET BASED NOTE,0.015,02/29/2024,,97.703125,97.687500,97.656250
91282CBR1,MARKET BASED NOTE,0.0025,03/15/2024,,96.750000,96.718750,96.687500
912828W71,MARKET BASED NOTE,0.02125,03/31/2024,,97.812500,97.781250,97.781250
91282CEG2,MARKET BASED NOTE,0.0225,03/31/2024,,97.890625,97.875000,97.875000
91282CBV2,MARKET BASED NOTE,0.00375,04/15/2024,,96.437500,96.406250,96.406250
912828X70,MARKET BASED NOTE,0.02,04/30/2024,,97.437500,97.406250,97.437500
9128286R6,MARKET BASED NOTE,0.0225,04/30/2024,,97.640625,97.625000,97.593750
91282CEK3,MARKET BASED NOTE,0.025,04/30/2024,,97.828125,97.812500,97.812500
912828WJ5,MARKET BASED NOTE,0.025,05/15/2024,,97.718750,97.687500,97.687500
91282CCC3,MARKET BASED NOTE,0.0025,05/15/2024,,95.937500,95.906250,95.906250
912828XT2,MARKET BASED NOTE,0.02,05/31/2024,,97.171875,97.156250,97.156250
91282CER8,MARKET BASED NOTE,0.025,05/31/2024,,97.609375,97.562500,97.593750
91282CCG4,MARKET BASED NOTE,0.0025,06/15/2024,,95.531250,95.500000,95.500000
912828XX3,MARKET BASED NOTE,0.02,06/30/2024,,96.937500,96.906250,96.906250
9128286Z8,MARKET BASED NOTE,0.0175,06/30/2024,,96.718750,96.687500,96.687500
91282CEX5,MARKET BASED NOTE,0.03,06/30/2024,,97.859375,97.843750,97.812500
91282CCL3,MARKET BASED NOTE,0.00375,07/15/2024,,95.281250,95.250000,95.250000
912828Y87,MARKET BASED NOTE,0.0175,07/31/2024,,96.453125,96.437500,96.437500
9128282N9,MARKET BASED NOTE,0.02125,07/31/2024,,96.828125,96.812500,96.812500
91282CFA4,MARKET BASED NOTE,0.03,07/31/2024,,97.687500,97.656250,97.687500
91282CCT6,MARKET BASED NOTE,0.00375,08/15/2024,,94.937500,94.906250,94.906250
912828D56,MARKET BASED NOTE,0.02375,08/15/2024,,97.000000,96.968750,96.937500
912828YE4,MARKET BASED NOTE,0.0125,08/31/2024,,95.656250,95.625000,95.625000
9128282U3,MARKET BASED NOTE,0.01875,08/31/2024,,96.343750,96.312500,96.312500
91282CFG1,MARKET BASED NOTE,0.0325,08/31/2024,,97.812500,97.781250,97.781250
91282CCX7,MARKET BASED NOTE,0.00375,09/15/2024,,94.593750,94.562500,94.562500
91282CFN6,MARKET BASED NOTE,0.0425,09/30/2024,,98.859375,98.843750,98.843750
9128282Y5,MARKET BASED NOTE,0.02125,09/30/2024,,96.437500,96.406250,96.406250
912828YH7,MARKET BASED NOTE,0.015,09/30/2024,,95.687500,95.656250,95.656250
91282CDB4,MARKET BASED NOTE,0.00625,10/15/2024,,94.546875,94.531250,94.531250
91282CFQ9,MARKET BASED NOTE,0.04375,10/31/2024,,98.968750,98.937500,98.968750
912828YM6,MARKET BASED NOTE,0.015,10/31/2024,,95.468750,95.437500,95.437500
9128283D0,MARKET BASED NOTE,0.0225,10/31/2024,,96.375000,96.343750,96.343750
912828G38,MARKET BASED NOTE,0.0225,11/15/2024,,96.312500,96.281250,96.281250
91282CDH1,MARKET BASED NOTE,0.0075,11/15/2024,,94.406250,94.375000,94.375000
91282CFX4,MARKET BASED NOTE,0.045,11/30/2024,,99.125000,99.093750,99.125000
912828YV6,MARKET BASED NOTE,0.015,11/30/2024,,95.250000,95.218750,95.218750
9128283J7,MARKET BASED NOTE,0.02125,11/30/2024,,96.062500,96.031250,96.031250
91282CDN8,MARKET BASED NOTE,0.01,12/15/2024,,94.468750,94.437500,94.437500
91282CGD7,MARKET BASED NOTE,0.0425,12/31/2024,,98.796875,98.781250,98.812500
9128283P3,MARKET BASED NOTE,0.0225,12/31/2024,,96.046875,96.000000,96.031250
912828YY0,MARKET BASED NOTE,0.0175,12/31/2024,,95.375000,95.343750,95.343750
91282CDS7,MARKET BASED NOTE,0.01125,01/15/2025,,94.390625,94.375000,94.375000
91282CGG0,MARKET BASED NOTE,0.04125,01/31/2025,,98.640625,98.625000,98.625000
912828Z52,MARKET BASED NOTE,0.01375,01/31/2025,,94.640625,94.625000,94.625000
9128283V0,MARKET BASED NOTE,0.025,01/31/2025,,96.281250,96.250000,96.250000
912828J27,MARKET BASED NOTE,0.02,02/15/2025,,95.468750,95.437500,95.437500
91282CDZ1,MARKET BASED NOTE,0.015,02/15/2025,,94.718750,94.687500,94.687500
91282CGN5,MARKET BASED NOTE,0.04625,02/28/2025,,99.437500,99.437500,99.437500
912828ZC7,MARKET BASED NOTE,0.01125,02/28/2025,,94.062500,94.031250,94.062500
9128283Z1,MARKET BASED NOTE,0.0275,02/28/2025,,96.625000,96.593750,96.593750
91282CED9,MARKET BASED NOTE,0.0175,03/15/2025,,94.937500,94.906250,94.906250
91282CGU9,MARKET BASED NOTE,0.03875,03/31/2025,,98.281250,98.281250,98.281250
9128284F4,MARKET BASED NOTE,0.02625,03/31/2025,,96.281250,96.250000,96.281250
912828ZF0,MARKET BASED NOTE,0.005,03/31/2025,,92.875000,92.843750,92.843750
91282CEH0,MARKET BASED NOTE,0.02625,04/15/2025,,96.218750,96.187500,96.187500
91282CGX3,MARKET BASED NOTE,0.03875,04/30/2025,,98.281250,98.281250,98.281250
912828ZL7,MARKET BASED NOTE,0.00375,04/30/2025,,92.375000,92.343750,92.343750
9128284M9,MARKET BASED NOTE,0.02875,04/30/2025,,96.593750,96.562500,96.562500
912828XB1,MARKET BASED NOTE,0.02125,05/15/2025,,95.250000,95.218750,95.250000
91282CEQ0,MARKET BASED NOTE,0.0275,05/15/2025,,96.343750,96.312500,96.312500
91282CHD6,MARKET BASED NOTE,0.0425,05/31/2025,,98.968750,98.968750,98.968750
912828ZT0,MARKET BASED NOTE,0.0025,05/31/2025,,91.906250,91.875000,91.875000
9128284R8,MARKET BASED NOTE,0.02875,05/31/2025,,96.531250,96.500000,96.531250
91282CEU1,MARKET BASED NOTE,0.02875,06/15/2025,,96.500000,96.468750,96.500000
91282CHL8,MARKET BASED NOTE,0.04625,06/30/2025,,99.750000,99.750000,99.750000
912828ZW3,MARKET BASED NOTE,0.0025,06/30/2025,,91.687500,91.656250,91.687500
912828XZ8,MARKET BASED NOTE,0.0275,06/30/2025,,96.250000,96.218750,96.218750
91282CEY3,MARKET BASED NOTE,0.03,07/15/2025,,96.671875,96.656250,96.656250
912828Y79,MARKET BASED NOTE,0.02875,07/31/2025,,96.453125,96.406250,96.437500
91282CAB7,MARKET BASED NOTE,0.0025,07/31/2025,,91.375000,91.343750,91.375000
912828K74,MARKET BASED NOTE,0.02,08/15/2025,,94.687500,94.656250,94.687500
91282CFE6,MARKET BASED NOTE,0.03125,08/15/2025,,96.890625,96.875000,96.875000
91282CAJ0,MARKET BASED NOTE,0.0025,08/31/2025,,91.156250,91.125000,91.125000
9128284Z0,MARKET BASED NOTE,0.0275,08/31/2025,,96.093750,96.062500,96.093750
91282CFK2,MARKET BASED NOTE,0.035,09/15/2025,,97.609375,97.593750,97.593750
9128285C0,MARKET BASED NOTE,0.03,09/30/2025,,96.562500,96.531250,96.562500
91282CAM3,MARKET BASED NOTE,0.0025,09/30/2025,,90.984375,90.968750,90.968750
91282CFP1,MARKET BASED NOTE,0.0425,10/15/2025,,99.171875,99.156250,99.156250
91282CAT8,MARKET BASED NOTE,0.0025,10/31/2025,,90.671875,90.656250,90.656250
9128285J5,MARKET BASED NOTE,0.03,10/31/2025,,96.500000,96.468750,96.500000
912828M56,MARKET BASED NOTE,0.0225,11/15/2025,,94.843750,94.812500,94.843750
91282CFW6,MARKET BASED NOTE,0.045,11/15/2025,,99.765625,99.750000,99.781250
91282CAZ4,MARKET BASED NOTE,0.00375,11/30/2025,,90.687500,90.656250,90.687500
9128285N6,MARKET BASED NOTE,0.02875,11/30/2025,,96.203125,96.156250,96.187500
91282CGA3,MARKET BASED NOTE,0.04,12/15/2025,,98.734375,98.718750,98.718750
9128285T3,MARKET BASED NOTE,0.02625,12/31/2025,,95.593750,95.562500,95.593750
91282CBC4,MARKET BASED NOTE,0.00375,12/31/2025,,90.562500,90.531250,90.531250
91282CGE5,MARKET BASED NOTE,0.03875,01/15/2026,,98.453125,98.437500,98.468750
91282CBH3,MARKET BASED NOTE,0.00375,01/31/2026,,90.218750,90.187500,90.218750
9128286A3,MARKET BASED NOTE,0.02625,01/31/2026,,95.531250,95.500000,95.531250
912828P46,MARKET BASED NOTE,0.01625,02/15/2026,,93.078125,93.062500,93.062500
91282CGL9,MARKET BASED NOTE,0.04,02/15/2026,,98.796875,98.781250,98.812500
9128286F2,MARKET BASED NOTE,0.025,02/28/2026,,95.187500,95.156250,95.187500
91282CBQ3,MARKET BASED NOTE,0.005,02/28/2026,,90.281250,90.250000,90.281250
91282CGR6,MARKET BASED NOTE,0.04625,03/15/2026,,100.421875,100.406250,100.437500
91282CBT7,MARKET BASED NOTE,0.0075,03/31/2026,,90.812500,90.781250,90.812500
9128286L9,MARKET BASED NOTE,0.0225,03/31/2026,,94.500000,94.468750,94.500000
91282CGV7,MARKET BASED NOTE,0.0375,04/15/2026,,98.250000,98.250000,98.281250
9128286S4,MARKET BASED NOTE,0.02375,04/30/2026,,94.718750,94.687500,94.718750
91282CBW0,MARKET BASED NOTE,0.0075,04/30/2026,,90.500000,90.468750,90.500000
912828R36,MARKET BASED NOTE,0.01625,05/15/2026,,92.687500,92.656250,92.687500
91282CHB0,MARKET BASED NOTE,0.03625,05/15/2026,,97.953125,97.937500,97.968750
9128286X3,MARKET BASED NOTE,0.02125,05/31/2026,,93.968750,93.937500,94.000000
91282CCF6,MARKET BASED NOTE,0.0075,05/31/2026,,90.281250,90.250000,90.312500
91282CHH7,MARKET BASED NOTE,0.04125,06/15/2026,,99.359375,99.343750,99.375000
91282CCJ8,MARKET BASED NOTE,0.00875,06/30/2026,,90.562500,90.531250,90.562500
9128287B0,MARKET BASED NOTE,0.01875,06/30/2026,,93.250000,93.218750,93.250000
91282CHM6,MARKET BASED NOTE,0.045,07/15/2026,,100.406250,100.406250,100.437500
912828Y95,MARKET BASED NOTE,0.01875,07/31/2026,,93.031250,93.000000,93.062500
91282CCP4,MARKET BASED NOTE,0.00625,07/31/2026,,89.546875,89.531250,89.562500
9128282A7,MARKET BASED NOTE,0.015,08/15/2026,,91.875000,91.843750,91.906250
912828YD6,MARKET BASED NOTE,0.01375,08/31/2026,,91.437500,91.406250,91.468750
91282CCW9,MARKET BASED NOTE,0.0075,08/31/2026,,89.671875,89.656250,89.687500
91282CCZ2,MARKET BASED NOTE,0.00875,09/30/2026,,89.937500,89.906250,89.937500
912828YG9,MARKET BASED NOTE,0.01625,09/30/2026,,92.062500,92.031250,92.062500
912828YQ7,MARKET BASED NOTE,0.01625,10/31/2026,,91.906250,91.875000,91.906250
91282CDG3,MARKET BASED NOTE,0.01125,10/31/2026,,90.406250,90.375000,90.406250
912828U24,MARKET BASED NOTE,0.02,11/15/2026,,93.000000,92.968750,93.000000
912828YU8,MARKET BASED NOTE,0.01625,11/30/2026,,91.750000,91.718750,91.750000
91282CDK4,MARKET BASED NOTE,0.0125,11/30/2026,,90.593750,90.562500,90.593750
91282CDQ1,MARKET BASED NOTE,0.0125,12/31/2026,,90.484375,90.468750,90.500000
912828YX2,MARKET BASED NOTE,0.0175,12/31/2026,,92.046875,92.031250,92.062500
912828Z78,MARKET BASED NOTE,0.015,01/31/2027,,91.062500,91.031250,91.093750
912828V98,MARKET BASED NOTE,0.0225,02/15/2027,,93.437500,93.406250,93.468750
912828ZB9,MARKET BASED NOTE,0.01125,02/28/2027,,89.734375,89.687500,89.750000
91282CEC1,MARKET BASED NOTE,0.01875,02/28/2027,,92.156250,92.125000,92.187500
91282CEF4,MARKET BASED NOTE,0.025,03/31/2027,,94.187500,94.156250,94.218750
912828ZE3,MARKET BASED NOTE,0.00625,03/31/2027,,87.828125,87.781250,87.843750
912828ZN3,MARKET BASED NOTE,0.005,04/30/2027,,87.187500,87.156250,87.187500
91282CEN7,MARKET BASED NOTE,0.0275,04/30/2027,,94.921875,94.906250,94.968750
912828X88,MARKET BASED NOTE,0.02375,05/15/2027,,93.593750,93.562500,93.625000
912828ZS2,MARKET BASED NOTE,0.005,05/31/2027,,86.968750,86.937500,87.000000
91282CET4,MARKET BASED NOTE,0.02625,05/31/2027,,94.437500,94.406250,94.468750
91282CEW7,MARKET BASED NOTE,0.0325,06/30/2027,,96.656250,96.625000,96.687500
912828ZV5,MARKET BASED NOTE,0.005,06/30/2027,,86.750000,86.718750,86.781250
91282CAD3,MARKET BASED NOTE,0.00375,07/31/2027,,86.062500,86.031250,86.093750
91282CFB2,MARKET BASED NOTE,0.0275,07/31/2027,,94.765625,94.750000,94.812500
9128282R0,MARKET BASED NOTE,0.0225,08/15/2027,,92.937500,92.906250,92.968750
91282CAH4,MARKET BASED NOTE,0.005,08/31/2027,,86.312500,86.281250,86.343750
91282CFH9,MARKET BASED NOTE,0.03125,08/31/2027,,96.125000,96.093750,96.156250
91282CFM8,MARKET BASED NOTE,0.04125,09/30/2027,,99.906250,99.875000,99.937500
91282CAL5,MARKET BASED NOTE,0.00375,09/30/2027,,85.625000,85.593750,85.656250
91282CAU5,MARKET BASED NOTE,0.005,10/31/2027,,85.875000,85.843750,85.906250
91282CFU0,MARKET BASED NOTE,0.04125,10/31/2027,,99.921875,99.906250,99.968750
9128283F5,MARKET BASED NOTE,0.0225,11/15/2027,,92.593750,92.562500,92.625000
91282CAY7,MARKET BASED NOTE,0.00625,11/30/2027,,86.187500,86.156250,86.218750
91282CFZ9,MARKET BASED NOTE,0.03875,11/30/2027,,99.046875,99.031250,99.093750
91282CGC9,MARKET BASED NOTE,0.03875,12/31/2027,,99.046875,99.031250,99.093750
91282CBB6,MARKET BASED NOTE,0.00625,12/31/2027,,85.968750,85.937500,86.000000
91282CBJ9,MARKET BASED NOTE,0.0075,01/31/2028,,86.281250,86.250000,86.312500
91282CGH8,MARKET BASED NOTE,0.035,01/31/2028,,97.562500,97.562500,97.625000
9128283W8,MARKET BASED NOTE,0.0275,02/15/2028,,94.437500,94.406250,94.468750
91282CBP5,MARKET BASED NOTE,0.01125,02/29/2028,,87.656250,87.625000,87.687500
91282CGP0,MARKET BASED NOTE,0.04,02/29/2028,,99.703125,99.687500,99.750000
91282CGT2,MARKET BASED NOTE,0.03625,03/31/2028,,98.109375,98.093750,98.156250
91282CBS9,MARKET BASED NOTE,0.0125,03/31/2028,,88.031250,88.000000,88.062500
91282CBZ3,MARKET BASED NOTE,0.0125,04/30/2028,,87.843750,87.812500,87.875000
91282CHA2,MARKET BASED NOTE,0.035,04/30/2028,,97.593750,97.593750,97.656250
9128284N7,MARKET BASED NOTE,0.02875,05/15/2028,,94.812500,94.781250,94.843750
91282CCE9,MARKET BASED NOTE,0.0125,05/31/2028,,87.718750,87.687500,87.750000
91282CHE4,MARKET BASED NOTE,0.03625,05/31/2028,,98.234375,98.218750,98.281250
91282CHK0,MARKET BASED NOTE,0.04,06/30/2028,,99.843750,99.843750,99.906250
91282CCH2,MARKET BASED NOTE,0.0125,06/30/2028,,87.562500,87.531250,87.593750
91282CCR0,MARKET BASED NOTE,0.01,07/31/2028,,86.250000,86.218750,86.281250
9128284V9,MARKET BASED NOTE,0.02875,08/15/2028,,94.656250,94.625000,94.687500
91282CCV1,MARKET BASED NOTE,0.01125,08/31/2028,,86.625000,86.593750,86.687500
91282CCY5,MARKET BASED NOTE,0.0125,09/30/2028,,87.031250,87.000000,87.062500
91282CDF5,MARKET BASED NOTE,0.01375,10/31/2028,,87.468750,87.437500,87.500000
9128285M8,MARKET BASED NOTE,0.03125,11/15/2028,,95.687500,95.656250,95.718750
91282CDL2,MARKET BASED NOTE,0.015,11/30/2028,,87.921875,87.906250,87.968750
91282CDP3,MARKET BASED NOTE,0.01375,12/31/2028,,87.203125,87.156250,87.250000
91282CDW8,MARKET BASED NOTE,0.0175,01/31/2029,,88.843750,88.812500,88.906250
9128286B1,MARKET BASED NOTE,0.02625,02/15/2029,,93.062500,93.031250,93.093750
91282CEB3,MARKET BASED NOTE,0.01875,02/28/2029,,89.343750,89.312500,89.406250
91282CEE7,MARKET BASED NOTE,0.02375,03/31/2029,,91.703125,91.687500,91.750000
91282CEM9,MARKET BASED NOTE,0.02875,04/30/2029,,94.171875,94.156250,94.218750
9128286T2,MARKET BASED NOTE,0.02375,05/15/2029,,91.625000,91.593750,91.656250
91282CES6,MARKET BASED NOTE,0.0275,05/31/2029,,93.484375,93.468750,93.531250
91282CEV9,MARKET BASED NOTE,0.0325,06/30/2029,,96.015625,96.000000,96.093750
91282CFC0,MARKET BASED NOTE,0.02625,07/31/2029,,92.734375,92.718750,92.781250
912828YB0,MARKET BASED NOTE,0.01625,08/15/2029,,87.609375,87.562500,87.625000
91282CFJ5,MARKET BASED NOTE,0.03125,08/31/2029,,95.328125,95.312500,95.406250
91282CFL0,MARKET BASED NOTE,0.03875,09/30/2029,,99.328125,99.312500,99.406250
91282CFT3,MARKET BASED NOTE,0.04,10/31/2029,,100.046875,100.031250,100.125000
912828YS3,MARKET BASED NOTE,0.0175,11/15/2029,,88.093750,88.031250,88.125000
91282CFY2,MARKET BASED NOTE,0.03875,11/30/2029,,99.390625,99.375000,99.468750
91282CGB1,MARKET BASED NOTE,0.03875,12/31/2029,,99.421875,99.406250,99.500000
91282CGJ4,MARKET BASED NOTE,0.035,01/31/2030,,97.328125,97.312500,97.406250
912828Z94,MARKET BASED NOTE,0.015,02/15/2030,,86.000000,85.968750,86.062500
91282CGQ8,MARKET BASED NOTE,0.04,02/28/2030,,100.218750,100.218750,100.312500
91282CGS4,MARKET BASED NOTE,0.03625,03/31/2030,,98.093750,98.093750,98.156250
91282CGZ8,MARKET BASED NOTE,0.035,04/30/2030,,97.359375,97.343750,97.468750
912828ZQ6,MARKET BASED NOTE,0.00625,05/15/2030,,80.437500,80.406250,80.500000
91282CHF1,MARKET BASED NOTE,0.0375,05/31/2030,,98.859375,98.843750,98.937500
91282CHJ3,MARKET BASED NOTE,0.0375,06/30/2030,,98.906250,98.906250,99.000000
91282CAE1,MARKET BASED NOTE,0.00625,08/15/2030,,79.984375,79.937500,80.031250
91282CAV3,MARKET BASED NOTE,0.00875,11/15/2030,,81.265625,81.218750,81.312500
91282CBL4,MARKET BASED NOTE,0.01125,02/15/2031,,82.515625,82.468750,82.562500
91282CCB5,MARKET BASED NOTE,0.01625,05/15/2031,,85.218750,85.187500,85.281250
91282CCS8,MARKET BASED NOTE,0.0125,08/15/2031,,82.218750,82.187500,82.281250
91282CDJ7,MARKET BASED NOTE,0.01375,11/15/2031,,82.609375,82.593750,82.687500
91282CDY4,MARKET BASED NOTE,0.01875,02/15/2032,,85.734375,85.718750,85.843750
91282CEP2,MARKET BASED NOTE,0.02875,05/15/2032,,92.765625,92.750000,92.875000
91282CFF3,MARKET BASED NOTE,0.0275,08/15/2032,,91.703125,91.687500,91.812500
91282CFV8,MARKET BASED NOTE,0.04125,11/15/2032,,102.171875,102.156250,102.312500
91282CGM7,MARKET BASED NOTE,0.035,02/15/2033,,97.359375,97.343750,97.468750
91282CHC8,MARKET BASED NOTE,0.03375,05/15/2033,,96.343750,96.343750,96.468750
912810EQ7,MARKET BASED BOND,0.0625,08/15/2023,,0.000000,99.937500,99.906250
912810ES3,MARKET BASED BOND,0.075,11/15/2024,,103.171875,103.000000,103.000000
912810ET1,MARKET BASED BOND,0.07625,02/15/2025,,104.031250,103.812500,103.875000
912810EV6,MARKET BASED BOND,0.06875,08/15/2025,,104.312500,104.062500,104.093750
912810EW4,MARKET BASED BOND,0.06,02/15/2026,,103.609375,103.375000,103.437500
912810EX2,MARKET BASED BOND,0.0675,08/15/2026,,106.812500,106.625000,106.687500
912810EY0,MARKET BASED BOND,0.065,11/15/2026,,106.781250,106.593750,106.656250
912810EZ7,MARKET BASED BOND,0.06625,02/15/2027,,107.843750,107.625000,107.687500
912810FA1,MARKET BASED BOND,0.06375,08/15/2027,,108.171875,108.000000,108.062500
912810FB9,MARKET BASED BOND,0.06125,11/15/2027,,107.921875,107.781250,107.875000
912810FE3,MARKET BASED BOND,0.055,08/15/2028,,106.421875,106.281250,106.343750
912810FF0,MARKET BASED BOND,0.0525,11/15/2028,,105.546875,105.406250,105.468750
912810FG8,MARKET BASED BOND,0.0525,02/15/2029,,105.906250,105.750000,105.812500
912810FJ2,MARKET BASED BOND,0.06125,08/15/2029,,111.312500,111.187500,111.281250
912810FM5,MARKET BASED BOND,0.0625,05/15/2030,,113.671875,113.468750,113.562500
912810FP8,MARKET BASED BOND,0.05375,02/15/2031,,109.796875,109.468750,109.562500
912810FT0,MARKET BASED BOND,0.045,02/15/2036,,107.609375,107.468750,107.656250
912810PT9,MARKET BASED BOND,0.0475,02/15/2037,,110.218750,110.093750,110.281250
912810PU6,MARKET BASED BOND,0.05,05/15/2037,,112.859375,112.750000,112.937500
912810PW2,MARKET BASED BOND,0.04375,02/15/2038,,105.875000,105.750000,105.968750
912810PX0,MARKET BASED BOND,0.045,05/15/2038,,107.125000,107.000000,107.218750
912810QA9,MARKET BASED BOND,0.035,02/15/2039,,95.375000,95.218750,95.468750
912810QB7,MARKET BASED BOND,0.0425,05/15/2039,,103.984375,103.875000,104.093750
912810QC5,MARKET BASED BOND,0.045,08/15/2039,,106.906250,106.812500,107.031250
912810QD3,MARKET BASED BOND,0.04375,11/15/2039,,105.296875,105.125000,105.343750
912810QE1,MARKET BASED BOND,0.04625,02/15/2040,,108.359375,108.218750,108.468750
912810QH4,MARKET BASED BOND,0.04375,05/15/2040,,105.046875,104.906250,105.125000
912810SR0,MARKET BASED BOND,0.01125,05/15/2040,,64.265625,64.156250,64.281250
912810SQ2,MARKET BASED BOND,0.01125,08/15/2040,,63.718750,63.625000,63.781250
912810QK7,MARKET BASED BOND,0.03875,08/15/2040,,98.578125,98.468750,98.656250
912810QL5,MARKET BASED BOND,0.0425,11/15/2040,,103.296875,103.187500,103.375000
912810ST6,MARKET BASED BOND,0.01375,11/15/2040,,66.312500,66.218750,66.375000
912810SW9,MARKET BASED BOND,0.01875,02/15/2041,,72.046875,71.937500,72.125000
912810QN1,MARKET BASED BOND,0.0475,02/15/2041,,109.687500,109.593750,109.812500
912810QQ4,MARKET BASED BOND,0.04375,05/15/2041,,104.531250,104.437500,104.625000
912810SY5,MARKET BASED BOND,0.0225,05/15/2041,,76.375000,76.281250,76.468750
912810TA6,MARKET BASED BOND,0.0175,08/15/2041,,69.718750,69.625000,69.812500
912810QS0,MARKET BASED BOND,0.0375,08/15/2041,,95.953125,95.875000,96.093750
912810QT8,MARKET BASED BOND,0.03125,11/15/2041,,87.562500,87.468750,87.625000
912810TC2,MARKET BASED BOND,0.02,11/15/2041,,72.625000,72.531250,72.718750
912810TF5,MARKET BASED BOND,0.02375,02/15/2042,,77.218750,77.156250,77.312500
912810QU5,MARKET BASED BOND,0.03125,02/15/2042,,87.328125,87.250000,87.437500
912810QW1,MARKET BASED BOND,0.03,05/15/2042,,85.343750,85.250000,85.468750
912810TH1,MARKET BASED BOND,0.0325,05/15/2042,,88.500000,88.437500,88.593750
912810TK4,MARKET BASED BOND,0.03375,08/15/2042,,90.000000,89.968750,90.156250
912810QX9,MARKET BASED BOND,0.0275,08/15/2042,,81.781250,81.687500,81.906250
912810QY7,MARKET BASED BOND,0.0275,11/15/2042,,81.609375,81.531250,81.718750
912810TM0,MARKET BASED BOND,0.04,11/15/2042,,98.453125,98.406250,98.625000
912810TQ1,MARKET BASED BOND,0.03875,02/15/2043,,96.656250,96.625000,96.812500
912810QZ4,MARKET BASED BOND,0.03125,02/15/2043,,86.359375,86.281250,86.468750
912810RB6,MARKET BASED BOND,0.02875,05/15/2043,,82.843750,82.750000,82.937500
912810TS7,MARKET BASED BOND,0.03875,05/15/2043,,96.687500,96.656250,96.875000
912810RC4,MARKET BASED BOND,0.03625,08/15/2043,,92.796875,92.718750,92.937500
912810RD2,MARKET BASED BOND,0.0375,11/15/2043,,94.484375,94.406250,94.625000
912810RE0,MARKET BASED BOND,0.03625,02/15/2044,,92.640625,92.562500,92.781250
912810RG5,MARKET BASED BOND,0.03375,05/15/2044,,89.140625,89.062500,89.250000
912810RH3,MARKET BASED BOND,0.03125,08/15/2044,,85.546875,85.468750,85.687500
912810RJ9,MARKET BASED BOND,0.03,11/15/2044,,83.656250,83.593750,83.781250
912810RK6,MARKET BASED BOND,0.025,02/15/2045,,76.468750,76.406250,76.593750
912810RM2,MARKET BASED BOND,0.03,05/15/2045,,83.437500,83.375000,83.562500
912810RN0,MARKET BASED BOND,0.02875,08/15/2045,,81.515625,81.437500,81.625000
912810RP5,MARKET BASED BOND,0.03,11/15/2045,,83.234375,83.156250,83.343750
912810RQ3,MARKET BASED BOND,0.025,02/15/2046,,75.906250,75.843750,76.000000
912810RS9,MARKET BASED BOND,0.025,05/15/2046,,75.843750,75.781250,75.968750
912810RT7,MARKET BASED BOND,0.0225,08/15/2046,,72.000000,71.937500,72.093750
912810RU4,MARKET BASED BOND,0.02875,11/15/2046,,81.250000,81.187500,81.375000
912810RV2,MARKET BASED BOND,0.03,02/15/2047,,83.031250,82.968750,83.125000
912810RX8,MARKET BASED BOND,0.03,05/15/2047,,82.968750,82.906250,83.093750
912810RY6,MARKET BASED BOND,0.0275,08/15/2047,,79.203125,79.156250,79.312500
912810RZ3,MARKET BASED BOND,0.0275,11/15/2047,,79.171875,79.125000,79.281250
912810SA7,MARKET BASED BOND,0.03,02/15/2048,,82.968750,82.937500,83.125000
912810SC3,MARKET BASED BOND,0.03125,05/15/2048,,84.921875,84.875000,85.031250
912810SD1,MARKET BASED BOND,0.03,08/15/2048,,83.015625,82.968750,83.156250
912810SE9,MARKET BASED BOND,0.03375,11/15/2048,,88.937500,88.906250,89.093750
912810SF6,MARKET BASED BOND,0.03,02/15/2049,,83.218750,83.187500,83.343750
912810SH2,MARKET BASED BOND,0.02875,05/15/2049,,81.359375,81.312500,81.500000
912810SJ8,MARKET BASED BOND,0.0225,08/15/2049,,71.453125,71.406250,71.593750
912810SK5,MARKET BASED BOND,0.02375,11/15/2049,,73.421875,73.375000,73.531250
912810SL3,MARKET BASED BOND,0.02,02/15/2050,,67.328125,67.281250,67.437500
912810SN9,MARKET BASED BOND,0.0125,05/15/2050,,55.140625,55.093750,55.187500
912810SP4,MARKET BASED BOND,0.01375,08/15/2050,,56.984375,56.937500,57.062500
912810SS8,MARKET BASED BOND,0.01625,11/15/2050,,60.921875,60.875000,61.000000
912810SU3,MARKET BASED BOND,0.01875,02/15/2051,,64.984375,64.937500,65.062500
912810SX7,MARKET BASED BOND,0.02375,05/15/2051,,73.078125,73.031250,73.156250
912810SZ2,MARKET BASED BOND,0.02,08/15/2051,,66.953125,66.906250,67.031250
912810TB4,MARKET BASED BOND,0.01875,11/15/2051,,64.828125,64.781250,64.906250
912810TD0,MARKET BASED BOND,0.0225,02/15/2052,,71.062500,71.031250,71.156250
912810TG3,MARKET BASED BOND,0.02875,05/15/2052,,81.515625,81.468750,81.625000
912810TJ7,MARKET BASED BOND,0.03,08/15/2052,,83.625000,83.593750,83.718750
912810TL2,MARKET BASED BOND,0.04,11/15/2052,,101.140625,101.125000,101.281250
912810TN8,MARKET BASED BOND,0.03625,02/15/2053,,94.390625,94.375000,94.531250
912810TR9,MARKET BASED BOND,0.03625,05/15/2053,,94.500000,94.468750,94.625000
912828B25,TIPS,0.00625,01/15/2024,,98.218750,98.156250,98.156250
9128286N5,TIPS,0.005,04/15/2024,,97.468750,97.406250,97.406250
912828WU0,TIPS,0.00125,07/15/2024,,96.828125,96.781250,96.750000
912828YL8,TIPS,0.00125,10/15/2024,,96.312500,96.250000,96.250000
912828H45,TIPS,0.0025,01/15/2025,,95.796875,95.750000,95.750000
912810FR4,TIPS,0.02375,01/15/2025,,98.828125,98.750000,98.750000
912828ZJ2,TIPS,0.00125,04/15/2025,,95.156250,95.093750,95.093750
912828XL9,TIPS,0.00375,07/15/2025,,95.687500,95.625000,95.625000
91282CAQ4,TIPS,0.00125,10/15/2025,,94.984375,94.937500,94.906250
912828N71,TIPS,0.00625,01/15/2026,,95.484375,95.437500,95.437500
912810FS2,TIPS,0.02,01/15/2026,,98.718750,98.656250,98.656250
91282CCA7,TIPS,0.00125,04/15/2026,,93.953125,93.906250,93.906250
912828S50,TIPS,0.00125,07/15/2026,,94.125000,94.062500,94.093750
91282CDC2,TIPS,0.00125,10/15/2026,,93.765625,93.718750,93.718750
912828V49,TIPS,0.00375,01/15/2027,,94.078125,94.031250,94.062500
912810PS1,TIPS,0.02375,01/15/2027,,100.734375,100.656250,100.687500
91282CEJ6,TIPS,0.00125,04/15/2027,,92.828125,92.781250,92.812500
9128282L3,TIPS,0.00375,07/15/2027,,94.078125,94.031250,94.062500
91282CFR7,TIPS,0.01625,10/15/2027,,98.828125,98.781250,98.843750
9128283R9,TIPS,0.005,01/15/2028,,93.937500,93.875000,93.906250
912810PV4,TIPS,0.0175,01/15/2028,,99.234375,99.156250,99.187500
91282CGW5,TIPS,0.0125,04/15/2028,,97.156250,97.125000,97.156250
912810FD5,TIPS,0.03625,04/15/2028,,107.671875,107.562500,107.625000
912828Y38,TIPS,0.0075,07/15/2028,,95.250000,95.187500,95.218750
912810PZ5,TIPS,0.025,01/15/2029,,103.500000,103.406250,103.437500
9128285W6,TIPS,0.00875,01/15/2029,,95.156250,95.093750,95.156250
912810FH6,TIPS,0.03875,04/15/2029,,110.953125,110.843750,110.906250
9128287D6,TIPS,0.0025,07/15/2029,,91.875000,91.812500,91.906250
912828Z37,TIPS,0.00125,01/15/2030,,90.156250,90.093750,90.218750
912828ZZ6,TIPS,0.00125,07/15/2030,,90.000000,89.937500,90.062500
91282CBF7,TIPS,0.00125,01/15/2031,,89.078125,89.031250,89.156250
91282CCM1,TIPS,0.00125,07/15/2031,,88.937500,88.875000,89.000000
91282CDX6,TIPS,0.00125,01/15/2032,,88.265625,88.218750,88.343750
912810FQ6,TIPS,0.03375,04/15/2032,,113.875000,113.718750,113.843750
91282CEZ0,TIPS,0.00625,07/15/2032,,92.171875,92.125000,92.281250
91282CGK1,TIPS,0.01125,01/15/2033,,96.046875,96.000000,96.125000
912810QF8,TIPS,0.02125,02/15/2040,,106.578125,106.406250,106.625000
912810QP6,TIPS,0.02125,02/15/2041,,106.515625,106.343750,106.562500
912810QV3,TIPS,0.0075,02/15/2042,,84.234375,84.062500,84.281250
912810RA8,TIPS,0.00625,02/15/2043,,81.234375,81.062500,81.250000
912810RF7,TIPS,0.01375,02/15/2044,,93.234375,93.062500,93.312500
912810RL4,TIPS,0.0075,02/15/2045,,81.812500,81.656250,81.843750
912810RR1,TIPS,0.01,02/15/2046,,85.781250,85.625000,85.843750
912810RW0,TIPS,0.00875,02/15/2047,,82.906250,82.750000,82.968750
912810SB5,TIPS,0.01,02/15/2048,,85.015625,84.875000,85.093750
912810SG4,TIPS,0.01,02/15/2049,,84.765625,84.625000,84.843750
912810SM1,TIPS,0.0025,02/15/2050,,68.765625,68.625000,68.843750
912810SV1,TIPS,0.00125,02/15/2051,,65.515625,65.406250,65.593750
912810TE8,TIPS,0.00125,02/15/2052,,65.296875,65.156250,65.375000
912810TP3,TIPS,0.015,02/15/2053,,96.031250,95.906250,96.125000
91282CCQ2,MARKET BASED FRN,0.05423909125,07/31/2023,,0.000000,99.998459,99.999280
91282CDE8,MARKET BASED FRN,0.05429992215000001,10/31/2023,,100.026581,100.003523,100.000642
91282CDU2,MARKET BASED FRN,0.05379298095,01/31/2024,,100.023301,99.980373,99.975010
91282CEL1,MARKET BASED FRN,0.0531846464,04/30/2024,,99.959065,99.904749,99.898934
91282CFD8,MARKET BASED FRN,0.05432020155,07/31/2024,,100.002352,99.956560,99.964188
91282CFS5,MARKET BASED FRN,0.0553645067,10/31/2024,,100.088734,100.019636,100.051024
91282CGF2,MARKET BASED FRN,0.05597284125,01/31/2025,,100.176486,100.146644,100.169020
91282CGY1,MARKET BASED FRN,0.0556585361,04/30/2025,,100.098794,100.081641,100.103080
